Parent Container,Container Id,Container Type,Dwell Time,Container Count,Stacking Filter,Force Moved Status,Scheduled Departure Time
"","","","","","","","",
"","FR-10330","STACKING_AREA","","1 items","","false","null",
"FR-10330","CART_00g2xrmv_S","CART","5 hrs 19 mins","120 items","YHM5-DLC8-CART-FLATS-SPG","false","03-Nov-25 18:00",
"CART_00g2xrmv_S","SBxcjJb0ZX_001_v","PACKAGE","3 hrs 43 mins","","YHM5-DLC8-CART-FLATS-SPG","false","03-Nov-25 18:00",
"CART_00g2xrmv_S","SBfBldg0YX_001_v","PACKAGE","1 hr 25 mins","","YHM5-DLC8-CART-FLATS-SPG","false","03-Nov-25 18:00",
"CART_00g2xrmv_S","SBs70HkfhX_001_v","PACKAGE","2 hrs 9 mins","","YHM5-DLC8-CART-FLATS-SPG","false","03-Nov-25 18:00",
"CART_00g2xrmv_S","SBWD5Ml0KX_001_v","PACKAGE","3 hrs 59 mins","","YHM5-DLC8-CART-FLATS-SPG","false","03-Nov-25 18:00",
"CART_00g2xrmv_S","SBvMVRxCRX_001_v","PACKAGE","13 mins","","YHM5-DLC8-CART-FLATS-SPG","false","03-Nov-25 18:00",
"CART_00g2xrmv_S","SBk0f47fHX_001_v","PACKAGE","1 hr 49 mins","","YHM5-DLC8-CART-FLATS-SPG","false","03-Nov-25 18:00",
"CART_00g2xrmv_S","SBfDBNr0bX_001_v","PACKAGE","3 hrs 54 mins","","YHM5-DLC8-CART-FLATS-SPG","false","03-Nov-25 18:00",
"CART_00g2xrmv_S","SBBbR65fkX_001_v","PACKAGE","48 mins","","YHM5-DLC8-CART-FLATS-SPG","false","03-Nov-25 18:00",
"CART_00g2xrmv_S","SBqH6Bwf2X_001_v","PACKAGE","20 mins","","YHM5-DLC8-CART-FLATS-SPG","false","03-Nov-25 18:00",
"CART_00g2xrmv_S","SBsdksz0NX_001_v","PACKAGE","2 hrs 47 mins","","YHM5-DLC8-CART-FLATS-SPG","false","03-Nov-25 18:00",
"CART_00g2xrmv_S","SBBqvGk05X_001_v","PACKAGE","4 hrs 29 mins","","YHM5-DLC8-CART-FLATS-SPG","false","03-Nov-25 18:00",
"CART_00g2xrmv_S","SBkXRdk0qX_001_v","PACKAGE","3 hrs 37 mins","","YHM5-DLC8-CART-FLATS-SPG","false","03-Nov-25 18:00",
"CART_00g2xrmv_S","SBHtfMZ0YX_001_v","PACKAGE","4 hrs 23 mins","","YHM5-DLC8-CART-FLATS-SPG","false","03-Nov-25 18:00",
"CART_00g2xrmv_S","SB7Rgk0fWX_001_v","PACKAGE","2 hrs 56 mins","","YHM5-DLC8-CART-FLATS-SPG","false","03-Nov-25 18:00",
"CART_00g2xrmv_S","SBs6L4d0QX_001_v","PACKAGE","2 hrs 43 mins","","YHM5-DLC8-CART-FLATS-SPG","false","03-Nov-25 18:00",
"CART_00g2xrmv_S","SBk26h902X_001_v","PACKAGE","18 mins","","YHM5-DLC8-CART-FLATS-SPG","false","03-Nov-25 18:00",
"CART_00g2xrmv_S","SBBC0FWfLX_001_v","PACKAGE","1 hr 33 mins","","YHM5-DLC8-CART-FLATS-SPG","false","03-Nov-25 18:00",
"CART_00g2xrmv_S","SBWBMRcffX_001_v","PACKAGE","3 hrs 34 mins","","YHM5-DLC8-CART-FLATS-SPG","false","03-Nov-25 18:00",
"CART_00g2xrmv_S","SBvPRtP0FX_001_v","PACKAGE","2 hrs ","","YHM5-DLC8-CART-FLATS-SPG","false","03-Nov-25 18:00",
"CART_00g2xrmv_S","SBqq662frX_001_v","PACKAGE","1 hr 51 mins","","YHM5-DLC8-CART-FLATS-SPG","false","03-Nov-25 18:00",
"CART_00g2xrmv_S","SBHv5xY0WX_001_v","PACKAGE","2 hrs 41 mins","","YHM5-DLC8-CART-FLATS-SPG","false","03-Nov-25 18:00",
"CART_00g2xrmv_S","SBx8zPZ0nX_001_v","PACKAGE","1 hr 48 mins","","YHM5-DLC8-CART-FLATS-SPG","false","03-Nov-25 18:00",
"CART_00g2xrmv_S","SBBk80R0jX_001_v","PACKAGE","1 hr 57 mins","","YHM5-DLC8-CART-FLATS-SPG","false","03-Nov-25 18:00",
"CART_00g2xrmv_S","SBhDJJyffX_001_v","PACKAGE","1 hr 39 mins","","YHM5-DLC8-CART-FLATS-SPG","false","03-Nov-25 18:00",
"CART_00g2xrmv_S","SBW99zjGNX_001_v","PACKAGE","4 hrs 29 mins","","YHM5-DLC8-CART-FLATS-SPG","false","03-Nov-25 18:00",
"CART_00g2xrmv_S","SBkhncXflX_001_v","PACKAGE","1 hr 49 mins","","YHM5-DLC8-CART-FLATS-SPG","false","03-Nov-25 18:00",
"CART_00g2xrmv_S","SBkVHFTfZX_001_v","PACKAGE","1 hr 36 mins","","YHM5-DLC8-CART-FLATS-SPG","false","03-Nov-25 18:00",
"CART_00g2xrmv_S","SB73BVj0LX_001_v","PACKAGE","3 hrs 47 mins","","YHM5-DLC8-CART-FLATS-SPG","false","03-Nov-25 18:00",
"CART_00g2xrmv_S","SBfrdY5GkX_001_v","PACKAGE","4 hrs 59 mins","","YHM5-DLC8-CART-FLATS-SPG","false","03-Nov-25 18:00",
"CART_00g2xrmv_S","SB4qBNL0CX_001_v","PACKAGE","4 hrs 7 mins","","YHM5-DLC8-CART-FLATS-SPG","false","03-Nov-25 18:00",
"CART_00g2xrmv_S","SBWVGDffRX_001_v","PACKAGE","1 hr 58 mins","","YHM5-DLC8-CART-FLATS-SPG","false","03-Nov-25 18:00",
"CART_00g2xrmv_S","SBkRGR9fNX_001_v","PACKAGE","1 hr 15 mins","","YHM5-DLC8-CART-FLATS-SPG","false","03-Nov-25 18:00",
"CART_00g2xrmv_S","SBxbcYMfDX_001_v","PACKAGE","2 hrs 19 mins","","YHM5-DLC8-CART-FLATS-SPG","false","03-Nov-25 18:00",
"CART_00g2xrmv_S","SBkjRBz05X_001_v","PACKAGE","2 hrs 58 mins","","YHM5-DLC8-CART-FLATS-SPG","false","03-Nov-25 18:00",
"CART_00g2xrmv_S","SBBsZ1C06X_001_v","PACKAGE","4 hrs 47 mins","","YHM5-DLC8-CART-FLATS-SPG","false","03-Nov-25 18:00",
"CART_00g2xrmv_S","SBtMzvjfZX_001_v","PACKAGE","1 hr 58 mins","","YHM5-DLC8-CART-FLATS-SPG","false","03-Nov-25 18:00",
"CART_00g2xrmv_S","SBBmwKB07X_001_v","PACKAGE","4 hrs 49 mins","","YHM5-DLC8-CART-FLATS-SPG","false","03-Nov-25 18:00",
"CART_00g2xrmv_S","SBhkXtv0cX_001_v","PACKAGE","4 hrs 35 mins","","YHM5-DLC8-CART-FLATS-SPG","false","03-Nov-25 18:00",
"CART_00g2xrmv_S","SBvGrgzGjX_001_v","PACKAGE","46 mins","","YHM5-DLC8-CART-FLATS-SPG","false","03-Nov-25 18:00",
"CART_00g2xrmv_S","SBBQFdkLBX_001_v","PACKAGE","4 hrs 27 mins","","YHM5-DLC8-CART-FLATS-SPG","false","03-Nov-25 18:00",
"CART_00g2xrmv_S","SBffDxn0yX_001_v","PACKAGE","1 hr 41 mins","","YHM5-DLC8-CART-FLATS-SPG","false","03-Nov-25 18:00",
"CART_00g2xrmv_S","SBfClnnf3X_001_v","PACKAGE","13 mins","","YHM5-DLC8-CART-FLATS-SPG","false","03-Nov-25 18:00",
"CART_00g2xrmv_S","SBkXWs0LnX_001_v","PACKAGE","5 hrs 17 mins","","YHM5-DLC8-CART-FLATS-SPG","false","03-Nov-25 18:00",
"CART_00g2xrmv_S","SBtzbC60RX_001_v","PACKAGE","2 hrs 9 mins","","YHM5-DLC8-CART-FLATS-SPG","false","03-Nov-25 18:00",
"CART_00g2xrmv_S","SBqSHGL0jX_001_v","PACKAGE","4 hrs 4 mins","","YHM5-DLC8-CART-FLATS-SPG","false","03-Nov-25 18:00",
"CART_00g2xrmv_S","SBtygv9fjX_001_v","PACKAGE","1 hr 59 mins","","YHM5-DLC8-CART-FLATS-SPG","false","03-Nov-25 18:00",
"CART_00g2xrmv_S","SBtFjh70MX_001_v","PACKAGE","54 mins","","YHM5-DLC8-CART-FLATS-SPG","false","03-Nov-25 18:00",
"CART_00g2xrmv_S","SBf0yxv0mX_001_v","PACKAGE","1 hr 53 mins","","YHM5-DLC8-CART-FLATS-SPG","false","03-Nov-25 18:00",
"CART_00g2xrmv_S","SBk5ZrrfsX_001_v","PACKAGE","1 hr 56 mins","","YHM5-DLC8-CART-FLATS-SPG","false","03-Nov-25 18:00",
"CART_00g2xrmv_S","SBk09V1fvX_001_v","PACKAGE","5 mins","","YHM5-DLC8-CART-FLATS-SPG","false","03-Nov-25 18:00",
"CART_00g2xrmv_S","SB7NbQp0zX_001_v","PACKAGE","1 hr 41 mins","","YHM5-DLC8-CART-FLATS-SPG","false","03-Nov-25 18:00",
"CART_00g2xrmv_S","SB4G291ftX_001_v","PACKAGE","1 hr 28 mins","","YHM5-DLC8-CART-FLATS-SPG","false","03-Nov-25 18:00",
"CART_00g2xrmv_S","SBkYLy6fqX_001_v","PACKAGE","1 hr 54 mins","","YHM5-DLC8-CART-FLATS-SPG","false","03-Nov-25 18:00",
"CART_00g2xrmv_S","SBvpGF9GbX_001_v","PACKAGE","5 hrs 1 min","","YHM5-DLC8-CART-FLATS-SPG","false","03-Nov-25 18:00",
"CART_00g2xrmv_S","SB7d2vc0VX_001_v","PACKAGE","2 hrs 39 mins","","YHM5-DLC8-CART-FLATS-SPG","false","03-Nov-25 18:00",
"CART_00g2xrmv_S","SBxj4LJLtX_001_v","PACKAGE","4 hrs 40 mins","","YHM5-DLC8-CART-FLATS-SPG","false","03-Nov-25 18:00",
"CART_00g2xrmv_S","SBsym1Gf3X_001_v","PACKAGE","54 mins","","YHM5-DLC8-CART-FLATS-SPG","false","03-Nov-25 18:00",
"CART_00g2xrmv_S","SBhXqDwf8X_001_v","PACKAGE","2 hrs 6 mins","","YHM5-DLC8-CART-FLATS-SPG","false","03-Nov-25 18:00",
"CART_00g2xrmv_S","SBsL812f4X_001_v","PACKAGE","50 mins","","YHM5-DLC8-CART-FLATS-SPG","false","03-Nov-25 18:00",
"CART_00g2xrmv_S","SBsqv5lL3X_001_v","PACKAGE","4 hrs 32 mins","","YHM5-DLC8-CART-FLATS-SPG","false","03-Nov-25 18:00",
"CART_00g2xrmv_S","SBt7xzP0TX_001_v","PACKAGE","4 hrs 22 mins","","YHM5-DLC8-CART-FLATS-SPG","false","03-Nov-25 18:00",
"CART_00g2xrmv_S","SBWr6KLL2X_001_v","PACKAGE","5 hrs 14 mins","","YHM5-DLC8-CART-FLATS-SPG","false","03-Nov-25 18:00",
"CART_00g2xrmv_S","SBhH4fF0KX_001_v","PACKAGE","1 hr 57 mins","","YHM5-DLC8-CART-FLATS-SPG","false","03-Nov-25 18:00",
"CART_00g2xrmv_S","SBvhFh50hX_001_v","PACKAGE","1 hr 34 mins","","YHM5-DLC8-CART-FLATS-SPG","false","03-Nov-25 18:00",
"CART_00g2xrmv_S","SB7nbVJfqX_001_v","PACKAGE","11 mins","","YHM5-DLC8-CART-FLATS-SPG","false","03-Nov-25 18:00",
"CART_00g2xrmv_S","SBqVVdQfkX_001_v","PACKAGE","1 hr 36 mins","","YHM5-DLC8-CART-FLATS-SPG","false","03-Nov-25 18:00",
"CART_00g2xrmv_S","SB7vgBB0WX_001_v","PACKAGE","2 hrs 25 mins","","YHM5-DLC8-CART-FLATS-SPG","false","03-Nov-25 18:00",
"CART_00g2xrmv_S","SBt6l0ffwX_001_v","PACKAGE","38 mins","","YHM5-DLC8-CART-FLATS-SPG","false","03-Nov-25 18:00",
"CART_00g2xrmv_S","SBByLpK0QX_001_v","PACKAGE","2 hrs 14 mins","","YHM5-DLC8-CART-FLATS-SPG","false","03-Nov-25 18:00",
"CART_00g2xrmv_S","SBBzHdKGXX_001_v","PACKAGE","5 hrs 14 mins","","YHM5-DLC8-CART-FLATS-SPG","false","03-Nov-25 18:00",
"CART_00g2xrmv_S","SBBvQ6B0wX_001_v","PACKAGE","2 hrs 38 mins","","YHM5-DLC8-CART-FLATS-SPG","false","03-Nov-25 18:00",
"CART_00g2xrmv_S","SBkFfc0fsX_001_v","PACKAGE","1 hr 12 mins","","YHM5-DLC8-CART-FLATS-SPG","false","03-Nov-25 18:00",
"CART_00g2xrmv_S","SBqyrpmGQX_001_v","PACKAGE","5 hrs 3 mins","","YHM5-DLC8-CART-FLATS-SPG","false","03-Nov-25 18:00",
"CART_00g2xrmv_S","SBBCRk5fwX_001_v","PACKAGE","1 hr 32 mins","","YHM5-DLC8-CART-FLATS-SPG","false","03-Nov-25 18:00",
"CART_00g2xrmv_S","SBkSFRjf1X_001_v","PACKAGE","1 hr 30 mins","","YHM5-DLC8-CART-FLATS-SPG","false","03-Nov-25 18:00",
"CART_00g2xrmv_S","SBkbVXy05X_001_v","PACKAGE","1 hr 12 mins","","YHM5-DLC8-CART-FLATS-SPG","false","03-Nov-25 18:00",
"CART_00g2xrmv_S","SBq0Q1g0cX_001_v","PACKAGE","4 hrs 59 mins","","YHM5-DLC8-CART-FLATS-SPG","false","03-Nov-25 18:00",
"CART_00g2xrmv_S","SBBGFVv0qX_001_v","PACKAGE","4 hrs 45 mins","","YHM5-DLC8-CART-FLATS-SPG","false","03-Nov-25 18:00",
"CART_00g2xrmv_S","SBWvZHxfWX_001_v","PACKAGE","1 hr 28 mins","","YHM5-DLC8-CART-FLATS-SPG","false","03-Nov-25 18:00",
"CART_00g2xrmv_S","SBx97T800X_001_v","PACKAGE","1 hr 58 mins","","YHM5-DLC8-CART-FLATS-SPG","false","03-Nov-25 18:00",
"CART_00g2xrmv_S","SBqT6qb09X_001_v","PACKAGE","3 hrs 32 mins","","YHM5-DLC8-CART-FLATS-SPG","false","03-Nov-25 18:00",
"CART_00g2xrmv_S","SBsp9yqfVX_001_v","PACKAGE","2 hrs 19 mins","","YHM5-DLC8-CART-FLATS-SPG","false","03-Nov-25 18:00",
"CART_00g2xrmv_S","SBB49sLfBX_001_v","PACKAGE","7 mins","","YHM5-DLC8-CART-FLATS-SPG","false","03-Nov-25 18:00",
"CART_00g2xrmv_S","SB7mtxjfdX_001_v","PACKAGE","49 mins","","YHM5-DLC8-CART-FLATS-SPG","false","03-Nov-25 18:00",
"CART_00g2xrmv_S","SBq6Lz1ftX_001_v","PACKAGE","1 hr 57 mins","","YHM5-DLC8-CART-FLATS-SPG","false","03-Nov-25 18:00",
"CART_00g2xrmv_S","SBhG2YF00X_001_v","PACKAGE","4 hrs 41 mins","","YHM5-DLC8-CART-FLATS-SPG","false","03-Nov-25 18:00",
"CART_00g2xrmv_S","SBWD67tLQX_001_v","PACKAGE","5 hrs 4 mins","","YHM5-DLC8-CART-FLATS-SPG","false","03-Nov-25 18:00",
"CART_00g2xrmv_S","SB7rlSGfPX_001_v","PACKAGE","42 mins","","YHM5-DLC8-CART-FLATS-SPG","false","03-Nov-25 18:00",
"CART_00g2xrmv_S","SBH8Qfk0gX_001_v","PACKAGE","2 hrs ","","YHM5-DLC8-CART-FLATS-SPG","false","03-Nov-25 18:00",
"CART_00g2xrmv_S","SBkW9JgfZX_001_v","PACKAGE","19 mins","","YHM5-DLC8-CART-FLATS-SPG","false","03-Nov-25 18:00",
"CART_00g2xrmv_S","SBtxxh5L7X_001_v","PACKAGE","4 hrs 30 mins","","YHM5-DLC8-CART-FLATS-SPG","false","03-Nov-25 18:00",
"CART_00g2xrmv_S","SBqDwzdf5X_001_v","PACKAGE","1 hr 40 mins","","YHM5-DLC8-CART-FLATS-SPG","false","03-Nov-25 18:00",
"CART_00g2xrmv_S","SBhP7M00hX_001_v","PACKAGE","4 hrs 55 mins","","YHM5-DLC8-CART-FLATS-SPG","false","03-Nov-25 18:00",
"CART_00g2xrmv_S","SV9nRH9qCf_001_v","PACKAGE","4 hrs 19 mins","","YHM5-DLC8-CART-FLATS-SPG","false","03-Nov-25 18:00",
"CART_00g2xrmv_S","SB7Rzdh0kX_001_v","PACKAGE","2 hrs 2 mins","","YHM5-DLC8-CART-FLATS-SPG","false","03-Nov-25 18:00",
"CART_00g2xrmv_S","SBq63JQLmX_001_v","PACKAGE","4 hrs 44 mins","","YHM5-DLC8-CART-FLATS-SPG","false","03-Nov-25 18:00",
"CART_00g2xrmv_S","SBkRvm900X_001_v","PACKAGE","54 mins","","YHM5-DLC8-CART-FLATS-SPG","false","03-Nov-25 18:00",
"CART_00g2xrmv_S","SBBdP2dfmX_001_v","PACKAGE","1 hr 16 mins","","YHM5-DLC8-CART-FLATS-SPG","false","03-Nov-25 18:00",
"CART_00g2xrmv_S","SBHSFMxP3X_001_v","PACKAGE","2 hrs 38 mins","","YHM5-DLC8-CART-FLATS-SPG","false","03-Nov-25 18:00",
"CART_00g2xrmv_S","SBt5tQrfqX_001_v","PACKAGE","32 mins","","YHM5-DLC8-CART-FLATS-SPG","false","03-Nov-25 18:00",
"CART_00g2xrmv_S","SBHCHJ2fJX_001_v","PACKAGE","1 hr 51 mins","","YHM5-DLC8-CART-FLATS-SPG","false","03-Nov-25 18:00",
"CART_00g2xrmv_S","SBxFjjq0nX_001_v","PACKAGE","1 hr 35 mins","","YHM5-DLC8-CART-FLATS-SPG","false","03-Nov-25 18:00",
"CART_00g2xrmv_S","SBkP0Sr0rX_001_v","PACKAGE","2 hrs 27 mins","","YHM5-DLC8-CART-FLATS-SPG","false","03-Nov-25 18:00",
"CART_00g2xrmv_S","SB4NplCfzX_001_v","PACKAGE","7 mins","","YHM5-DLC8-CART-FLATS-SPG","false","03-Nov-25 18:00",
"CART_00g2xrmv_S","SBHz8cYfQX_001_v","PACKAGE","19 mins","","YHM5-DLC8-CART-FLATS-SPG","false","03-Nov-25 18:00",
"CART_00g2xrmv_S","SBfDXFqfLX_001_v","PACKAGE","45 mins","","YHM5-DLC8-CART-FLATS-SPG","false","03-Nov-25 18:00",
"CART_00g2xrmv_S","SBfLjYRfJX_001_v","PACKAGE","1 hr 46 mins","","YHM5-DLC8-CART-FLATS-SPG","false","03-Nov-25 18:00",
"CART_00g2xrmv_S","SBfGJct02X_001_v","PACKAGE","3 hrs 48 mins","","YHM5-DLC8-CART-FLATS-SPG","false","03-Nov-25 18:00",
"CART_00g2xrmv_S","SBvx60C0HX_001_v","PACKAGE","1 hr 32 mins","","YHM5-DLC8-CART-FLATS-SPG","false","03-Nov-25 18:00",
"CART_00g2xrmv_S","SB4qscP0XX_001_v","PACKAGE","3 hrs 58 mins","","YHM5-DLC8-CART-FLATS-SPG","false","03-Nov-25 18:00",
"CART_00g2xrmv_S","SBv70d3fcX_001_v","PACKAGE","1 hr 36 mins","","YHM5-DLC8-CART-FLATS-SPG","false","03-Nov-25 18:00",
"CART_00g2xrmv_S","SBt9DJJ0pX_001_v","PACKAGE","3 hrs 53 mins","","YHM5-DLC8-CART-FLATS-SPG","false","03-Nov-25 18:00",
"CART_00g2xrmv_S","SBt3SD5fVX_001_v","PACKAGE","34 mins","","YHM5-DLC8-CART-FLATS-SPG","false","03-Nov-25 18:00",
"CART_00g2xrmv_S","SBfQK0CfGX_001_v","PACKAGE","9 mins","","YHM5-DLC8-CART-FLATS-SPG","false","03-Nov-25 18:00",
"CART_00g2xrmv_S","SBsHLlh0tX_001_v","PACKAGE","1 hr 43 mins","","YHM5-DLC8-CART-FLATS-SPG","false","03-Nov-25 18:00",
"CART_00g2xrmv_S","SBvs8K1LzX_001_v","PACKAGE","4 hrs 45 mins","","YHM5-DLC8-CART-FLATS-SPG","false","03-Nov-25 18:00",
"CART_00g2xrmv_S","SB7ThCJ0rX_001_v","PACKAGE","2 hrs 22 mins","","YHM5-DLC8-CART-FLATS-SPG","false","03-Nov-25 18:00",
"CART_00g2xrmv_S","SBH809v0JX_001_v","PACKAGE","4 hrs 1 min","","YHM5-DLC8-CART-FLATS-SPG","false","03-Nov-25 18:00",
"CART_00g2xrmv_S","SB44BqjsPX_001_v","PACKAGE","5 hrs 13 mins","","YHM5-DLC8-CART-FLATS-SPG","false","03-Nov-25 18:00",
"CART_00g2xrmv_S","SB4bpx70RX_001_v","PACKAGE","2 hrs 39 mins","","YHM5-DLC8-CART-FLATS-SPG","false","03-Nov-25 18:00",
"","FR-10410","STACKING_AREA","","1 items","","false","null",
"FR-10410","CART_00p1yrpr_S","CART","2 hrs 40 mins","35 items","YHM5-DLC1-CART-SPG","false","03-Nov-25 18:00",
"CART_00p1yrpr_S","SBB70Bt0RX_001_v","PACKAGE","40 mins","","YHM5-DLC1-CART-SPG","false","03-Nov-25 18:00",
"CART_00p1yrpr_S","SBfJxDNfbX_001_v","PACKAGE","1 hr 37 mins","","YHM5-DLC1-CART-SPG","false","03-Nov-25 18:00",
"CART_00p1yrpr_S","SBq1wzNf1X_001_v","PACKAGE","1 hr 36 mins","","YHM5-DLC1-CART-SPG","false","03-Nov-25 18:00",
"CART_00p1yrpr_S","SBkfrlN0qX_001_v","PACKAGE","39 mins","","YHM5-DLC1-CART-SPG","false","03-Nov-25 18:00",
"CART_00p1yrpr_S","SB7F19RCSX_001_v","PACKAGE","41 mins","","YHM5-DLC1-CART-SPG","false","03-Nov-25 18:00",
"CART_00p1yrpr_S","SBsdZQ80DX_001_v","PACKAGE","40 mins","","YHM5-DLC1-CART-SPG","false","03-Nov-25 18:00",
"CART_00p1yrpr_S","SBWq54SfDX_001_v","PACKAGE","40 mins","","YHM5-DLC1-CART-SPG","false","03-Nov-25 18:00",
"CART_00p1yrpr_S","SBx2yPq0mX_001_v","PACKAGE","1 hr 35 mins","","YHM5-DLC1-CART-SPG","false","03-Nov-25 18:00",
"CART_00p1yrpr_S","SBWrYcQfYX_001_v","PACKAGE","32 mins","","YHM5-DLC1-CART-SPG","false","03-Nov-25 18:00",
"CART_00p1yrpr_S","SBx61xwf8X_001_v","PACKAGE","32 mins","","YHM5-DLC1-CART-SPG","false","03-Nov-25 18:00",
"CART_00p1yrpr_S","SBfNBnQ0CX_001_v","PACKAGE","1 hr 35 mins","","YHM5-DLC1-CART-SPG","false","03-Nov-25 18:00",
"CART_00p1yrpr_S","SBWK0yxrCX_001_v","PACKAGE","39 mins","","YHM5-DLC1-CART-SPG","false","03-Nov-25 18:00",
"CART_00p1yrpr_S","SBt2q4BfKX_001_v","PACKAGE","1 hr 35 mins","","YHM5-DLC1-CART-SPG","false","03-Nov-25 18:00",
"CART_00p1yrpr_S","SBv2RDMf9X_001_v","PACKAGE","40 mins","","YHM5-DLC1-CART-SPG","false","03-Nov-25 18:00",
"CART_00p1yrpr_S","SBxPJNLfMX_001_v","PACKAGE","39 mins","","YHM5-DLC1-CART-SPG","false","03-Nov-25 18:00",
"CART_00p1yrpr_S","SBkFR3R0LX_001_v","PACKAGE","1 hr 37 mins","","YHM5-DLC1-CART-SPG","false","03-Nov-25 18:00",
"CART_00p1yrpr_S","SBv7GxrfrX_001_v","PACKAGE","32 mins","","YHM5-DLC1-CART-SPG","false","03-Nov-25 18:00",
"CART_00p1yrpr_S","SBk09vVfFX_001_v","PACKAGE","41 mins","","YHM5-DLC1-CART-SPG","false","03-Nov-25 18:00",
"CART_00p1yrpr_S","SBkqPyv0cX_001_v","PACKAGE","1 hr 37 mins","","YHM5-DLC1-CART-SPG","false","03-Nov-25 18:00",
"CART_00p1yrpr_S","SBh3csS0LX_001_v","PACKAGE","1 hr 36 mins","","YHM5-DLC1-CART-SPG","false","03-Nov-25 18:00",
"CART_00p1yrpr_S","SBHr0cvfHX_001_v","PACKAGE","1 hr 35 mins","","YHM5-DLC1-CART-SPG","false","03-Nov-25 18:00",
"CART_00p1yrpr_S","SBBQLTX05X_001_v","PACKAGE","1 hr 36 mins","","YHM5-DLC1-CART-SPG","false","03-Nov-25 18:00",
"CART_00p1yrpr_S","SBWFWgK0fX_001_v","PACKAGE","1 hr 36 mins","","YHM5-DLC1-CART-SPG","false","03-Nov-25 18:00",
"CART_00p1yrpr_S","SBxXJXw0sX_001_v","PACKAGE","40 mins","","YHM5-DLC1-CART-SPG","false","03-Nov-25 18:00",
"CART_00p1yrpr_S","SBvRkCq06X_001_v","PACKAGE","41 mins","","YHM5-DLC1-CART-SPG","false","03-Nov-25 18:00",
"CART_00p1yrpr_S","SBHsP6ZfGX_001_v","PACKAGE","39 mins","","YHM5-DLC1-CART-SPG","false","03-Nov-25 18:00",
"CART_00p1yrpr_S","SBv0YwM0MX_001_v","PACKAGE","1 hr 37 mins","","YHM5-DLC1-CART-SPG","false","03-Nov-25 18:00",
"CART_00p1yrpr_S","SBhMtrpfVX_001_v","PACKAGE","1 hr 36 mins","","YHM5-DLC1-CART-SPG","false","03-Nov-25 18:00",
"CART_00p1yrpr_S","SBvXRfK01X_001_v","PACKAGE","1 hr 35 mins","","YHM5-DLC1-CART-SPG","false","03-Nov-25 18:00",
"CART_00p1yrpr_S","SBxbhTb0jX_001_v","PACKAGE","1 hr 35 mins","","YHM5-DLC1-CART-SPG","false","03-Nov-25 18:00",
"CART_00p1yrpr_S","SBk15wcf2X_001_v","PACKAGE","42 mins","","YHM5-DLC1-CART-SPG","false","03-Nov-25 18:00",
"CART_00p1yrpr_S","SBsZYlN0NX_001_v","PACKAGE","41 mins","","YHM5-DLC1-CART-SPG","false","03-Nov-25 18:00",
"CART_00p1yrpr_S","SBf32jS0xX_001_v","PACKAGE","40 mins","","YHM5-DLC1-CART-SPG","false","03-Nov-25 18:00",
"CART_00p1yrpr_S","SBWdCpX0DX_001_v","PACKAGE","2 hrs 40 mins","","YHM5-DLC1-CART-SPG","false","03-Nov-25 18:00",
"CART_00p1yrpr_S","SBWF3HxfLX_001_v","PACKAGE","1 hr 37 mins","","YHM5-DLC1-CART-SPG","false","03-Nov-25 18:00",
"","FR-10825","STACKING_AREA","","1 items","","false","null",
"FR-10825","CART_00nw27c7_S","CART","6 hrs 7 mins","119 items","YHM5-DOI3-CART-FLATS-SPG","false","03-Nov-25 18:00",
"CART_00nw27c7_S","SBfgJKLL8X_001_v","PACKAGE","4 hrs 59 mins","","YHM5-DOI3-CART-FLATS-SPG","false","03-Nov-25 18:00",
"CART_00nw27c7_S","SBqxFywfrX_001_v","PACKAGE","1 hr 58 mins","","YHM5-DOI3-CART-FLATS-SPG","false","03-Nov-25 18:00",
"CART_00nw27c7_S","SBf87gQ04X_001_v","PACKAGE","4 hrs 1 min","","YHM5-DOI3-CART-FLATS-SPG","false","03-Nov-25 18:00",
"CART_00nw27c7_S","SB7fx1YfpX_001_v","PACKAGE","55 mins","","YHM5-DOI3-CART-FLATS-SPG","false","03-Nov-25 18:00",
"CART_00nw27c7_S","SBhQl2fLWX_001_v","PACKAGE","5 hrs 53 mins","","YHM5-DOI3-CART-FLATS-SPG","false","03-Nov-25 18:00",
"CART_00nw27c7_S","SBqNL4Nf8X_001_v","PACKAGE","2 hrs 7 mins","","YHM5-DOI3-CART-FLATS-SPG","false","03-Nov-25 18:00",
"CART_00nw27c7_S","SBHfH2ypDX_001_v","PACKAGE","1 hr 59 mins","","YHM5-DOI3-CART-FLATS-SPG","false","03-Nov-25 18:00",
"CART_00nw27c7_S","SBqnf5ZLDX_001_v","PACKAGE","5 hrs 30 mins","","YHM5-DOI3-CART-FLATS-SPG","false","03-Nov-25 18:00",
"CART_00nw27c7_S","SBhtBK40LX_001_v","PACKAGE","4 hrs 21 mins","","YHM5-DOI3-CART-FLATS-SPG","false","03-Nov-25 18:00",
"CART_00nw27c7_S","SBkkPs70bX_001_v","PACKAGE","2 hrs 44 mins","","YHM5-DOI3-CART-FLATS-SPG","false","03-Nov-25 18:00",
"CART_00nw27c7_S","SBhTcYxGkX_001_v","PACKAGE","5 hrs 8 mins","","YHM5-DOI3-CART-FLATS-SPG","false","03-Nov-25 18:00",
"CART_00nw27c7_S","SBHHvRQClX_001_v","PACKAGE","8 mins","","YHM5-DOI3-CART-FLATS-SPG","false","03-Nov-25 18:00",
"CART_00nw27c7_S","SBqfMShfVX_001_v","PACKAGE","36 mins","","YHM5-DOI3-CART-FLATS-SPG","false","03-Nov-25 18:00",
"CART_00nw27c7_S","SBfMbd5f9X_001_v","PACKAGE","1 hr 32 mins","","YHM5-DOI3-CART-FLATS-SPG","false","03-Nov-25 18:00",
"CART_00nw27c7_S","SB79xN0LFX_001_v","PACKAGE","4 hrs 57 mins","","YHM5-DOI3-CART-FLATS-SPG","false","03-Nov-25 18:00",
"CART_00nw27c7_S","SBqC6j2LkX_001_v","PACKAGE","4 hrs 57 mins","","YHM5-DOI3-CART-FLATS-SPG","false","03-Nov-25 18:00",
"CART_00nw27c7_S","SB7BB5SscX_001_v","PACKAGE","5 hrs 28 mins","","YHM5-DOI3-CART-FLATS-SPG","false","03-Nov-25 18:00",
"CART_00nw27c7_S","SBhVlJwfXX_001_v","PACKAGE","1 hr 28 mins","","YHM5-DOI3-CART-FLATS-SPG","false","03-Nov-25 18:00",
"CART_00nw27c7_S","SBtLS5s02X_001_v","PACKAGE","3 hrs 33 mins","","YHM5-DOI3-CART-FLATS-SPG","false","03-Nov-25 18:00",
"CART_00nw27c7_S","SBWRQG0LmX_001_v","PACKAGE","4 hrs 55 mins","","YHM5-DOI3-CART-FLATS-SPG","false","03-Nov-25 18:00",
"CART_00nw27c7_S","SBBfZMYf3X_001_v","PACKAGE","2 hrs 11 mins","","YHM5-DOI3-CART-FLATS-SPG","false","03-Nov-25 18:00",
"CART_00nw27c7_S","SBvh8V1fJX_001_v","PACKAGE","23 mins","","YHM5-DOI3-CART-FLATS-SPG","false","03-Nov-25 18:00",
"CART_00nw27c7_S","SBHyL540nX_001_v","PACKAGE","2 hrs 40 mins","","YHM5-DOI3-CART-FLATS-SPG","false","03-Nov-25 18:00",
"CART_00nw27c7_S","SBvBkQVflX_001_v","PACKAGE","1 hr 9 mins","","YHM5-DOI3-CART-FLATS-SPG","false","03-Nov-25 18:00",
"CART_00nw27c7_S","SB4bKfz0cX_001_v","PACKAGE","1 hr 49 mins","","YHM5-DOI3-CART-FLATS-SPG","false","03-Nov-25 18:00",
"CART_00nw27c7_S","SB4qqNQSTC_001_v","PACKAGE","3 hrs 49 mins","","YHM5-DOI3-CART-FLATS-SPG","false","03-Nov-25 18:00",
"CART_00nw27c7_S","SBvZZq6GlX_001_v","PACKAGE","5 hrs 59 mins","","YHM5-DOI3-CART-FLATS-SPG","false","03-Nov-25 18:00",
"CART_00nw27c7_S","SBH6Qc4fQX_001_v","PACKAGE","1 hr 11 mins","","YHM5-DOI3-CART-FLATS-SPG","false","03-Nov-25 18:00",
"CART_00nw27c7_S","SBs2w220qX_001_v","PACKAGE","5 hrs 12 mins","","YHM5-DOI3-CART-FLATS-SPG","false","03-Nov-25 18:00",
"CART_00nw27c7_S","SBBBPH8f1X_001_v","PACKAGE","2 hrs ","","YHM5-DOI3-CART-FLATS-SPG","false","03-Nov-25 18:00",
"CART_00nw27c7_S","SBBc5Zw01X_001_v","PACKAGE","2 hrs 40 mins","","YHM5-DOI3-CART-FLATS-SPG","false","03-Nov-25 18:00",
"CART_00nw27c7_S","SBkjkBxG8X_001_v","PACKAGE","6 hrs 3 mins","","YHM5-DOI3-CART-FLATS-SPG","false","03-Nov-25 18:00",
"CART_00nw27c7_S","SBWMYXx0ZX_001_v","PACKAGE","1 hr 37 mins","","YHM5-DOI3-CART-FLATS-SPG","false","03-Nov-25 18:00",
"CART_00nw27c7_S","SBqLkRt04X_001_v","PACKAGE","5 hrs 10 mins","","YHM5-DOI3-CART-FLATS-SPG","false","03-Nov-25 18:00",
"CART_00nw27c7_S","SBvJRfH0nX_001_v","PACKAGE","1 hr 33 mins","","YHM5-DOI3-CART-FLATS-SPG","false","03-Nov-25 18:00",
"CART_00nw27c7_S","SBW3wyJftX_001_v","PACKAGE","2 hrs 9 mins","","YHM5-DOI3-CART-FLATS-SPG","false","03-Nov-25 18:00",
"CART_00nw27c7_S","SB7Jtkdtdp_001_v","PACKAGE","4 hrs 38 mins","","YHM5-DOI3-CART-FLATS-SPG","false","03-Nov-25 18:00",
"CART_00nw27c7_S","SBBw5HQG2X_001_v","PACKAGE","5 hrs 59 mins","","YHM5-DOI3-CART-FLATS-SPG","false","03-Nov-25 18:00",
"CART_00nw27c7_S","SBt4xKJ0KX_001_v","PACKAGE","3 hrs 1 min","","YHM5-DOI3-CART-FLATS-SPG","false","03-Nov-25 18:00",
"CART_00nw27c7_S","SBkCLMVfYX_001_v","PACKAGE","2 hrs ","","YHM5-DOI3-CART-FLATS-SPG","false","03-Nov-25 18:00",
"CART_00nw27c7_S","SBq6H2yLtX_001_v","PACKAGE","3 hrs 55 mins","","YHM5-DOI3-CART-FLATS-SPG","false","03-Nov-25 18:00",
"CART_00nw27c7_S","SBxRhRGfVX_001_v","PACKAGE","1 hr 24 mins","","YHM5-DOI3-CART-FLATS-SPG","false","03-Nov-25 18:00",
"CART_00nw27c7_S","SBsY8GmsNX_001_v","PACKAGE","4 hrs 57 mins","","YHM5-DOI3-CART-FLATS-SPG","false","03-Nov-25 18:00",
"CART_00nw27c7_S","SBxNzKLskX_001_v","PACKAGE","6 hrs 1 min","","YHM5-DOI3-CART-FLATS-SPG","false","03-Nov-25 18:00",
"CART_00nw27c7_S","SBhCJcGfXX_001_v","PACKAGE","1 hr 20 mins","","YHM5-DOI3-CART-FLATS-SPG","false","03-Nov-25 18:00",
"CART_00nw27c7_S","SBh82ThdnX_001_v","PACKAGE","5 hrs 20 mins","","YHM5-DOI3-CART-FLATS-SPG","false","03-Nov-25 18:00",
"CART_00nw27c7_S","SB4WDBg0LX_001_v","PACKAGE","3 hrs 44 mins","","YHM5-DOI3-CART-FLATS-SPG","false","03-Nov-25 18:00",
"CART_00nw27c7_S","SBBQ31GsRX_001_v","PACKAGE","5 hrs 59 mins","","YHM5-DOI3-CART-FLATS-SPG","false","03-Nov-25 18:00",
"CART_00nw27c7_S","SBqZwP409X_001_v","PACKAGE","2 hrs 3 mins","","YHM5-DOI3-CART-FLATS-SPG","false","03-Nov-25 18:00",
"CART_00nw27c7_S","SBfv4vyrKX_001_v","PACKAGE","6 hrs 4 mins","","YHM5-DOI3-CART-FLATS-SPG","false","03-Nov-25 18:00",
"CART_00nw27c7_S","SBt7qbD0TX_001_v","PACKAGE","4 hrs 8 mins","","YHM5-DOI3-CART-FLATS-SPG","false","03-Nov-25 18:00",
"CART_00nw27c7_S","SBs0Cbf5jC_001_v","PACKAGE","6 hrs ","","YHM5-DOI3-CART-FLATS-SPG","false","03-Nov-25 18:00",
"CART_00nw27c7_S","SBq8GS1RsX_001_v","PACKAGE","5 hrs 29 mins","","YHM5-DOI3-CART-FLATS-SPG","false","03-Nov-25 18:00",
"CART_00nw27c7_S","SBsvYB5f9X_001_v","PACKAGE","3 hrs 34 mins","","YHM5-DOI3-CART-FLATS-SPG","false","03-Nov-25 18:00",
"CART_00nw27c7_S","SBhLXwb0cX_001_v","PACKAGE","2 hrs 26 mins","","YHM5-DOI3-CART-FLATS-SPG","false","03-Nov-25 18:00",
"CART_00nw27c7_S","SBxYzJVfvX_001_v","PACKAGE","1 hr 23 mins","","YHM5-DOI3-CART-FLATS-SPG","false","03-Nov-25 18:00",
"CART_00nw27c7_S","SBqVHKt01X_001_v","PACKAGE","2 hrs 38 mins","","YHM5-DOI3-CART-FLATS-SPG","false","03-Nov-25 18:00",
"CART_00nw27c7_S","SBxRBL30FX_001_v","PACKAGE","2 hrs 4 mins","","YHM5-DOI3-CART-FLATS-SPG","false","03-Nov-25 18:00",
"CART_00nw27c7_S","SBvx8WvL3X_001_v","PACKAGE","5 hrs 40 mins","","YHM5-DOI3-CART-FLATS-SPG","false","03-Nov-25 18:00",
"CART_00nw27c7_S","SBfzc1lfGX_001_v","PACKAGE","1 hr 18 mins","","YHM5-DOI3-CART-FLATS-SPG","false","03-Nov-25 18:00",
"CART_00nw27c7_S","SBHPQtgLzX_001_v","PACKAGE","5 hrs ","","YHM5-DOI3-CART-FLATS-SPG","false","03-Nov-25 18:00",
"CART_00nw27c7_S","SBH9YljL4X_001_v","PACKAGE","5 hrs 25 mins","","YHM5-DOI3-CART-FLATS-SPG","false","03-Nov-25 18:00",
"CART_00nw27c7_S","SB7t1YyfSX_001_v","PACKAGE","2 hrs 9 mins","","YHM5-DOI3-CART-FLATS-SPG","false","03-Nov-25 18:00",
"CART_00nw27c7_S","SBqTmWFGHX_001_v","PACKAGE","5 hrs 59 mins","","YHM5-DOI3-CART-FLATS-SPG","false","03-Nov-25 18:00",
"CART_00nw27c7_S","SBsj3r4JsX_001_v","PACKAGE","5 hrs 11 mins","","YHM5-DOI3-CART-FLATS-SPG","false","03-Nov-25 18:00",
"CART_00nw27c7_S","SBh6s5dGRX_001_v","PACKAGE","4 hrs 32 mins","","YHM5-DOI3-CART-FLATS-SPG","false","03-Nov-25 18:00",
"CART_00nw27c7_S","SBtjyyLfzX_001_v","PACKAGE","2 hrs 21 mins","","YHM5-DOI3-CART-FLATS-SPG","false","03-Nov-25 18:00",
"CART_00nw27c7_S","SBtLStzqQX_001_v","PACKAGE","4 hrs 58 mins","","YHM5-DOI3-CART-FLATS-SPG","false","03-Nov-25 18:00",
"CART_00nw27c7_S","SB42Tz5fGX_001_v","PACKAGE","1 hr 39 mins","","YHM5-DOI3-CART-FLATS-SPG","false","03-Nov-25 18:00",
"CART_00nw27c7_S","SBvxG6Gf8X_001_v","PACKAGE","1 hr 46 mins","","YHM5-DOI3-CART-FLATS-SPG","false","03-Nov-25 18:00",
"CART_00nw27c7_S","SB77lSY02X_001_v","PACKAGE","2 hrs 6 mins","","YHM5-DOI3-CART-FLATS-SPG","false","03-Nov-25 18:00",
"CART_00nw27c7_S","SBkNCgMfXX_001_v","PACKAGE","4 mins","","YHM5-DOI3-CART-FLATS-SPG","false","03-Nov-25 18:00",
"CART_00nw27c7_S","SB43qYz0qX_001_v","PACKAGE","5 hrs 31 mins","","YHM5-DOI3-CART-FLATS-SPG","false","03-Nov-25 18:00",
"CART_00nw27c7_S","SBqQm1TfxX_001_v","PACKAGE","1 hr 46 mins","","YHM5-DOI3-CART-FLATS-SPG","false","03-Nov-25 18:00",
"CART_00nw27c7_S","SBv9nSd0FX_001_v","PACKAGE","2 hrs 7 mins","","YHM5-DOI3-CART-FLATS-SPG","false","03-Nov-25 18:00",
"CART_00nw27c7_S","SBWkGRW0jX_001_v","PACKAGE","4 hrs 48 mins","","YHM5-DOI3-CART-FLATS-SPG","false","03-Nov-25 18:00",
"CART_00nw27c7_S","SBWSvtQ0vX_001_v","PACKAGE","4 hrs 36 mins","","YHM5-DOI3-CART-FLATS-SPG","false","03-Nov-25 18:00",
"CART_00nw27c7_S","SBsWFbmwSC_001_v","PACKAGE","5 hrs 45 mins","","YHM5-DOI3-CART-FLATS-SPG","false","03-Nov-25 18:00",
"CART_00nw27c7_S","SB424svLlX_001_v","PACKAGE","5 hrs 12 mins","","YHM5-DOI3-CART-FLATS-SPG","false","03-Nov-25 18:00",
"CART_00nw27c7_S","SBx8zQVfTX_001_v","PACKAGE","10 mins","","YHM5-DOI3-CART-FLATS-SPG","false","03-Nov-25 18:00",
"CART_00nw27c7_S","SBfnXt0LYX_001_v","PACKAGE","5 hrs 37 mins","","YHM5-DOI3-CART-FLATS-SPG","false","03-Nov-25 18:00",
"CART_00nw27c7_S","SBHrQbW0rX_001_v","PACKAGE","5 hrs 2 mins","","YHM5-DOI3-CART-FLATS-SPG","false","03-Nov-25 18:00",
"CART_00nw27c7_S","SBfjsKm02X_001_v","PACKAGE","3 hrs 58 mins","","YHM5-DOI3-CART-FLATS-SPG","false","03-Nov-25 18:00",
"CART_00nw27c7_S","SBH15wS0yX_001_v","PACKAGE","2 hrs 5 mins","","YHM5-DOI3-CART-FLATS-SPG","false","03-Nov-25 18:00",
"CART_00nw27c7_S","SBxrXC2GQX_001_v","PACKAGE","5 hrs 35 mins","","YHM5-DOI3-CART-FLATS-SPG","false","03-Nov-25 18:00",
"CART_00nw27c7_S","SBvXkWFLlX_001_v","PACKAGE","4 hrs 58 mins","","YHM5-DOI3-CART-FLATS-SPG","false","03-Nov-25 18:00",
"CART_00nw27c7_S","SB7vSz7fmX_001_v","PACKAGE","2 hrs 6 mins","","YHM5-DOI3-CART-FLATS-SPG","false","03-Nov-25 18:00",
"CART_00nw27c7_S","SBWD8jFGcX_001_v","PACKAGE","5 hrs 9 mins","","YHM5-DOI3-CART-FLATS-SPG","false","03-Nov-25 18:00",
"CART_00nw27c7_S","SB4CgkVL3X_001_v","PACKAGE","5 hrs 59 mins","","YHM5-DOI3-CART-FLATS-SPG","false","03-Nov-25 18:00",
"CART_00nw27c7_S","SBHFL2PfKX_001_v","PACKAGE","14 mins","","YHM5-DOI3-CART-FLATS-SPG","false","03-Nov-25 18:00",
"CART_00nw27c7_S","SBv3rm80xX_001_v","PACKAGE","4 hrs 28 mins","","YHM5-DOI3-CART-FLATS-SPG","false","03-Nov-25 18:00",
"CART_00nw27c7_S","SBHZCfp0jX_001_v","PACKAGE","1 hr 53 mins","","YHM5-DOI3-CART-FLATS-SPG","false","03-Nov-25 18:00",
"CART_00nw27c7_S","SB784p50YX_001_v","PACKAGE","2 hrs 24 mins","","YHM5-DOI3-CART-FLATS-SPG","false","03-Nov-25 18:00",
"CART_00nw27c7_S","SBhWgMX0NX_001_v","PACKAGE","4 hrs 28 mins","","YHM5-DOI3-CART-FLATS-SPG","false","03-Nov-25 18:00",
"CART_00nw27c7_S","SBtDsh6fgX_001_v","PACKAGE","7 mins","","YHM5-DOI3-CART-FLATS-SPG","false","03-Nov-25 18:00",
"CART_00nw27c7_S","SBstfhSsHX_001_v","PACKAGE","5 hrs 47 mins","","YHM5-DOI3-CART-FLATS-SPG","false","03-Nov-25 18:00",
"CART_00nw27c7_S","SBft4gZ08X_001_v","PACKAGE","2 hrs 41 mins","","YHM5-DOI3-CART-FLATS-SPG","false","03-Nov-25 18:00",
"CART_00nw27c7_S","SBffDKL08X_001_v","PACKAGE","2 hrs 43 mins","","YHM5-DOI3-CART-FLATS-SPG","false","03-Nov-25 18:00",
"CART_00nw27c7_S","SBhDbHD0VX_001_v","PACKAGE","4 hrs 56 mins","","YHM5-DOI3-CART-FLATS-SPG","false","03-Nov-25 18:00",
"CART_00nw27c7_S","SBHVn3RsvX_001_v","PACKAGE","5 hrs 55 mins","","YHM5-DOI3-CART-FLATS-SPG","false","03-Nov-25 18:00",
"CART_00nw27c7_S","SBhqlRnC4X_001_v","PACKAGE","14 mins","","YHM5-DOI3-CART-FLATS-SPG","false","03-Nov-25 18:00",
"CART_00nw27c7_S","SBW06PjLfX_001_v","PACKAGE","5 hrs 12 mins","","YHM5-DOI3-CART-FLATS-SPG","false","03-Nov-25 18:00",
"CART_00nw27c7_S","SBHMry1G8X_001_v","PACKAGE","5 hrs 55 mins","","YHM5-DOI3-CART-FLATS-SPG","false","03-Nov-25 18:00",
"CART_00nw27c7_S","SBsfFPNfDX_001_v","PACKAGE","7 mins","","YHM5-DOI3-CART-FLATS-SPG","false","03-Nov-25 18:00",
"CART_00nw27c7_S","SB4jgrhsHX_001_v","PACKAGE","5 hrs 53 mins","","YHM5-DOI3-CART-FLATS-SPG","false","03-Nov-25 18:00",
"CART_00nw27c7_S","SBfFpQw0bX_001_v","PACKAGE","1 hr 51 mins","","YHM5-DOI3-CART-FLATS-SPG","false","03-Nov-25 18:00",
"CART_00nw27c7_S","SBWCYDZfXX_001_v","PACKAGE","2 hrs 5 mins","","YHM5-DOI3-CART-FLATS-SPG","false","03-Nov-25 18:00",
"CART_00nw27c7_S","SB4ZNVL0xX_001_v","PACKAGE","5 hrs 12 mins","","YHM5-DOI3-CART-FLATS-SPG","false","03-Nov-25 18:00",
"CART_00nw27c7_S","SBk938c0YX_001_v","PACKAGE","1 hr 16 mins","","YHM5-DOI3-CART-FLATS-SPG","false","03-Nov-25 18:00",
"CART_00nw27c7_S","SBtGB0kLHX_001_v","PACKAGE","5 hrs 6 mins","","YHM5-DOI3-CART-FLATS-SPG","false","03-Nov-25 18:00",
"CART_00nw27c7_S","SBh44H3G5X_001_v","PACKAGE","5 hrs 57 mins","","YHM5-DOI3-CART-FLATS-SPG","false","03-Nov-25 18:00",
"CART_00nw27c7_S","SBfZ4Q5LHX_001_v","PACKAGE","5 hrs 41 mins","","YHM5-DOI3-CART-FLATS-SPG","false","03-Nov-25 18:00",
"CART_00nw27c7_S","SBxsqg6f8X_001_v","PACKAGE","8 mins","","YHM5-DOI3-CART-FLATS-SPG","false","03-Nov-25 18:00",
"CART_00nw27c7_S","SBql98rLlX_001_v","PACKAGE","4 hrs 36 mins","","YHM5-DOI3-CART-FLATS-SPG","false","03-Nov-25 18:00",
"CART_00nw27c7_S","SB4cjRXfjX_001_v","PACKAGE","40 mins","","YHM5-DOI3-CART-FLATS-SPG","false","03-Nov-25 18:00",
"CART_00nw27c7_S","SB7Lsp20fX_001_v","PACKAGE","2 hrs 36 mins","","YHM5-DOI3-CART-FLATS-SPG","false","03-Nov-25 18:00",
"CART_00nw27c7_S","SB7glRQfqX_001_v","PACKAGE","1 hr 51 mins","","YHM5-DOI3-CART-FLATS-SPG","false","03-Nov-25 18:00",
"CART_00nw27c7_S","SBsgwst0QX_001_v","PACKAGE","2 hrs 12 mins","","YHM5-DOI3-CART-FLATS-SPG","false","03-Nov-25 18:00",
"CART_00nw27c7_S","SBsBZVgfGX_001_v","PACKAGE","17 mins","","YHM5-DOI3-CART-FLATS-SPG","false","03-Nov-25 18:00",
"","FR-10109","STACKING_AREA","","1 items","","false","null",
"FR-10109","CART_00triy67_S","CART","44 mins","25 items","YHM5-DLC1-CART-FLATS-SPG","false","03-Nov-25 18:00",
"CART_00triy67_S","SB7b2B4f3X_001_v","PACKAGE","20 mins","","YHM5-DLC1-CART-FLATS-SPG","false","03-Nov-25 18:00",
"CART_00triy67_S","SB7B1xNfwX_001_v","PACKAGE","35 mins","","YHM5-DLC1-CART-FLATS-SPG","false","03-Nov-25 18:00",
"CART_00triy67_S","SBqf3BVf5X_001_v","PACKAGE","12 mins","","YHM5-DLC1-CART-FLATS-SPG","false","03-Nov-25 18:00",
"CART_00triy67_S","SBsmkSwflX_001_v","PACKAGE","9 mins","","YHM5-DLC1-CART-FLATS-SPG","false","03-Nov-25 18:00",
"CART_00triy67_S","SBxvqs9fCX_001_v","PACKAGE","6 mins","","YHM5-DLC1-CART-FLATS-SPG","false","03-Nov-25 18:00",
"CART_00triy67_S","SBxBxnyfdX_001_v","PACKAGE","2 mins","","YHM5-DLC1-CART-FLATS-SPG","false","03-Nov-25 18:00",
"CART_00triy67_S","SBWWZmTfLX_001_v","PACKAGE","5 mins","","YHM5-DLC1-CART-FLATS-SPG","false","03-Nov-25 18:00",
"CART_00triy67_S","SBkL5RlCCX_001_v","PACKAGE","8 mins","","YHM5-DLC1-CART-FLATS-SPG","false","03-Nov-25 18:00",
"CART_00triy67_S","SBvP9SQfRX_001_v","PACKAGE","20 mins","","YHM5-DLC1-CART-FLATS-SPG","false","03-Nov-25 18:00",
"CART_00triy67_S","SBsfw7QCKX_001_v","PACKAGE","5 mins","","YHM5-DLC1-CART-FLATS-SPG","false","03-Nov-25 18:00",
"CART_00triy67_S","SBfcSTMfFX_001_v","PACKAGE","33 mins","","YHM5-DLC1-CART-FLATS-SPG","false","03-Nov-25 18:00",
"CART_00triy67_S","SBf1bQxfRX_001_v","PACKAGE","30 mins","","YHM5-DLC1-CART-FLATS-SPG","false","03-Nov-25 18:00",
"CART_00triy67_S","SBxsjM6fWX_001_v","PACKAGE","39 mins","","YHM5-DLC1-CART-FLATS-SPG","false","03-Nov-25 18:00",
"CART_00triy67_S","SBW96VhfwX_001_v","PACKAGE","21 mins","","YHM5-DLC1-CART-FLATS-SPG","false","03-Nov-25 18:00",
"CART_00triy67_S","SBfwTlxfHX_001_v","PACKAGE","9 mins","","YHM5-DLC1-CART-FLATS-SPG","false","03-Nov-25 18:00",
"CART_00triy67_S","SB4jy8F0zX_001_v","PACKAGE","24 mins","","YHM5-DLC1-CART-FLATS-SPG","false","03-Nov-25 18:00",
"CART_00triy67_S","SBxYlMrf3X_001_v","PACKAGE","6 mins","","YHM5-DLC1-CART-FLATS-SPG","false","03-Nov-25 18:00",
"CART_00triy67_S","SBvXZf90lX_001_v","PACKAGE","5 mins","","YHM5-DLC1-CART-FLATS-SPG","false","03-Nov-25 18:00",
"CART_00triy67_S","SBh47xlfKX_001_v","PACKAGE","1 min","","YHM5-DLC1-CART-FLATS-SPG","false","03-Nov-25 18:00",
"CART_00triy67_S","SBtJgsgfdX_001_v","PACKAGE","29 mins","","YHM5-DLC1-CART-FLATS-SPG","false","03-Nov-25 18:00",
"CART_00triy67_S","SB4KpFZfDX_001_v","PACKAGE","43 mins","","YHM5-DLC1-CART-FLATS-SPG","false","03-Nov-25 18:00",
"CART_00triy67_S","SBtld6Pf1X_001_v","PACKAGE","23 mins","","YHM5-DLC1-CART-FLATS-SPG","false","03-Nov-25 18:00",
"CART_00triy67_S","SBWg08YfwX_001_v","PACKAGE","16 mins","","YHM5-DLC1-CART-FLATS-SPG","false","03-Nov-25 18:00",
"CART_00triy67_S","SBBN3XG0JX_001_v","PACKAGE","37 mins","","YHM5-DLC1-CART-FLATS-SPG","false","03-Nov-25 18:00",
"CART_00triy67_S","SBqcCMGfMX_001_v","PACKAGE","11 mins","","YHM5-DLC1-CART-FLATS-SPG","false","03-Nov-25 18:00",
"","FR-10331","STACKING_AREA","","1 items","","false","null",
"FR-10331","CART_00cebuvz_S","CART","26 mins","21 items","YHM5-DOI4-CART-FLATS-SPG","false","03-Nov-25 18:00",
"CART_00cebuvz_S","SBsqfl1fVX_001_v","PACKAGE","10 mins","","YHM5-DOI4-CART-FLATS-SPG","false","03-Nov-25 18:00",
"CART_00cebuvz_S","SB4yqJ6fjX_001_v","PACKAGE","12 mins","","YHM5-DOI4-CART-FLATS-SPG","false","03-Nov-25 18:00",
"CART_00cebuvz_S","SBvXmSGfDX_001_v","PACKAGE","21 mins","","YHM5-DOI4-CART-FLATS-SPG","false","03-Nov-25 18:00",
"CART_00cebuvz_S","SBWVH5g0kX_001_v","PACKAGE","17 mins","","YHM5-DOI4-CART-FLATS-SPG","false","03-Nov-25 18:00",
"CART_00cebuvz_S","SBfZSVffNX_001_v","PACKAGE","24 mins","","YHM5-DOI4-CART-FLATS-SPG","false","03-Nov-25 18:00",
"CART_00cebuvz_S","SBsmC2WfbX_001_v","PACKAGE","18 mins","","YHM5-DOI4-CART-FLATS-SPG","false","03-Nov-25 18:00",
"CART_00cebuvz_S","SBBf9sLf5X_001_v","PACKAGE","16 mins","","YHM5-DOI4-CART-FLATS-SPG","false","03-Nov-25 18:00",
"CART_00cebuvz_S","SBxSbhBfYX_001_v","PACKAGE","17 mins","","YHM5-DOI4-CART-FLATS-SPG","false","03-Nov-25 18:00",
"CART_00cebuvz_S","SB7X22nfcX_001_v","PACKAGE","13 mins","","YHM5-DOI4-CART-FLATS-SPG","false","03-Nov-25 18:00",
"CART_00cebuvz_S","SBkMFg5f7X_001_v","PACKAGE","18 mins","","YHM5-DOI4-CART-FLATS-SPG","false","03-Nov-25 18:00",
"CART_00cebuvz_S","SBkRF0NfhX_001_v","PACKAGE","21 mins","","YHM5-DOI4-CART-FLATS-SPG","false","03-Nov-25 18:00",
"CART_00cebuvz_S","SBB0G3kf0X_001_v","PACKAGE","5 mins","","YHM5-DOI4-CART-FLATS-SPG","false","03-Nov-25 18:00",
"CART_00cebuvz_S","SBt6cy5GbX_001_v","PACKAGE","11 mins","","YHM5-DOI4-CART-FLATS-SPG","false","03-Nov-25 18:00",
"CART_00cebuvz_S","SBkDWF1fPX_001_v","PACKAGE","19 mins","","YHM5-DOI4-CART-FLATS-SPG","false","03-Nov-25 18:00",
"CART_00cebuvz_S","SBhLNlwfcX_001_v","PACKAGE","15 mins","","YHM5-DOI4-CART-FLATS-SPG","false","03-Nov-25 18:00",
"CART_00cebuvz_S","SBspvl4fzX_001_v","PACKAGE","21 mins","","YHM5-DOI4-CART-FLATS-SPG","false","03-Nov-25 18:00",
"CART_00cebuvz_S","SB4Dq8cfpX_001_v","PACKAGE","14 mins","","YHM5-DOI4-CART-FLATS-SPG","false","03-Nov-25 18:00",
"CART_00cebuvz_S","SBhTXxsfVX_001_v","PACKAGE","13 mins","","YHM5-DOI4-CART-FLATS-SPG","false","03-Nov-25 18:00",
"CART_00cebuvz_S","SBfy7xjfXX_001_v","PACKAGE","19 mins","","YHM5-DOI4-CART-FLATS-SPG","false","03-Nov-25 18:00",
"CART_00cebuvz_S","SBxNxQyfrX_001_v","PACKAGE","23 mins","","YHM5-DOI4-CART-FLATS-SPG","false","03-Nov-25 18:00",
"CART_00cebuvz_S","SBhCJB7fGX_001_v","PACKAGE","6 mins","","YHM5-DOI4-CART-FLATS-SPG","false","03-Nov-25 18:00",
"","FR-10806","STACKING_AREA","","1 items","","false","null",
"FR-10806","CART_00ny5nef_S","CART","2 hrs 49 mins","26 items","YHM5-DOI4-CART-SPG","false","03-Nov-25 18:00",
"CART_00ny5nef_S","SB71TDpfBX_001_v","PACKAGE","1 hr ","","YHM5-DOI4-CART-SPG","false","03-Nov-25 18:00",
"CART_00ny5nef_S","SBvGG2wfYX_001_v","PACKAGE","41 mins","","YHM5-DOI4-CART-SPG","false","03-Nov-25 18:00",
"CART_00ny5nef_S","SBxgTQ7fMX_001_v","PACKAGE","1 hr ","","YHM5-DOI4-CART-SPG","false","03-Nov-25 18:00",
"CART_00ny5nef_S","SBvcCg7fwX_001_v","PACKAGE","7 mins","","YHM5-DOI4-CART-SPG","false","03-Nov-25 18:00",
"CART_00ny5nef_S","SBfrNgJ0FX_001_v","PACKAGE","41 mins","","YHM5-DOI4-CART-SPG","false","03-Nov-25 18:00",
"CART_00ny5nef_S","SB7l2fT0jX_001_v","PACKAGE","1 hr 45 mins","","YHM5-DOI4-CART-SPG","false","03-Nov-25 18:00",
"CART_00ny5nef_S","SBffhJzfzX_001_v","PACKAGE","1 hr 26 mins","","YHM5-DOI4-CART-SPG","false","03-Nov-25 18:00",
"CART_00ny5nef_S","SBsC99vf4X_001_v","PACKAGE","24 mins","","YHM5-DOI4-CART-SPG","false","03-Nov-25 18:00",
"CART_00ny5nef_S","SBBKCM0fbX_001_v","PACKAGE","1 hr 26 mins","","YHM5-DOI4-CART-SPG","false","03-Nov-25 18:00",
"CART_00ny5nef_S","SBsqQfp0dX_001_v","PACKAGE","1 hr 40 mins","","YHM5-DOI4-CART-SPG","false","03-Nov-25 18:00",
"CART_00ny5nef_S","SB4kb0B0lX_001_v","PACKAGE","2 hrs 9 mins","","YHM5-DOI4-CART-SPG","false","03-Nov-25 18:00",
"CART_00ny5nef_S","SBs9PqV0gX_001_v","PACKAGE","2 hrs 36 mins","","YHM5-DOI4-CART-SPG","false","03-Nov-25 18:00",
"CART_00ny5nef_S","SBtstZG0qX_001_v","PACKAGE","2 hrs 7 mins","","YHM5-DOI4-CART-SPG","false","03-Nov-25 18:00",
"CART_00ny5nef_S","SBBPH8n0SX_001_v","PACKAGE","59 mins","","YHM5-DOI4-CART-SPG","false","03-Nov-25 18:00",
"CART_00ny5nef_S","SBfdc6RfQX_001_v","PACKAGE","1 hr 25 mins","","YHM5-DOI4-CART-SPG","false","03-Nov-25 18:00",
"CART_00ny5nef_S","SBtQgWl0BX_001_v","PACKAGE","2 hrs 42 mins","","YHM5-DOI4-CART-SPG","false","03-Nov-25 18:00",
"CART_00ny5nef_S","SBk2rZ107X_001_v","PACKAGE","2 hrs 24 mins","","YHM5-DOI4-CART-SPG","false","03-Nov-25 18:00",
"CART_00ny5nef_S","SBh4sZr0XX_001_v","PACKAGE","1 hr 50 mins","","YHM5-DOI4-CART-SPG","false","03-Nov-25 18:00",
"CART_00ny5nef_S","SB4Mg6pfrX_001_v","PACKAGE","12 mins","","YHM5-DOI4-CART-SPG","false","03-Nov-25 18:00",
"CART_00ny5nef_S","SBx4Xw20FX_001_v","PACKAGE","2 hrs 41 mins","","YHM5-DOI4-CART-SPG","false","03-Nov-25 18:00",
"CART_00ny5nef_S","SBB3QBCf8X_001_v","PACKAGE","2 hrs 24 mins","","YHM5-DOI4-CART-SPG","false","03-Nov-25 18:00",
"CART_00ny5nef_S","SB4xtCQ0dX_001_v","PACKAGE","59 mins","","YHM5-DOI4-CART-SPG","false","03-Nov-25 18:00",
"CART_00ny5nef_S","SB4mp3Q0lX_001_v","PACKAGE","2 hrs 16 mins","","YHM5-DOI4-CART-SPG","false","03-Nov-25 18:00",
"CART_00ny5nef_S","SBHpkyL0cX_001_v","PACKAGE","1 hr ","","YHM5-DOI4-CART-SPG","false","03-Nov-25 18:00",
"CART_00ny5nef_S","SBhH4l109X_001_v","PACKAGE","1 hr 41 mins","","YHM5-DOI4-CART-SPG","false","03-Nov-25 18:00",
"CART_00ny5nef_S","SBkqW0R0TX_001_v","PACKAGE","1 hr 50 mins","","YHM5-DOI4-CART-SPG","false","03-Nov-25 18:00",
"","FR-10114","STACKING_AREA","","1 items","","false","null",
"FR-10114","CART_00niec0j_S","CART","2 hrs 4 mins","43 items","YHM5-DOI3-CART-FLATS-SPG","false","03-Nov-25 18:00",
"CART_00niec0j_S","SBhnK9qflX_001_v","PACKAGE","43 mins","","YHM5-DOI3-CART-FLATS-SPG","false","03-Nov-25 18:00",
"CART_00niec0j_S","SBtLqt60NX_001_v","PACKAGE","2 hrs 2 mins","","YHM5-DOI3-CART-FLATS-SPG","false","03-Nov-25 18:00",
"CART_00niec0j_S","SB7kK2YfrX_001_v","PACKAGE","23 mins","","YHM5-DOI3-CART-FLATS-SPG","false","03-Nov-25 18:00",
"CART_00niec0j_S","SB7x2fh0LX_001_v","PACKAGE","1 hr 59 mins","","YHM5-DOI3-CART-FLATS-SPG","false","03-Nov-25 18:00",
"CART_00niec0j_S","SBttglQfdX_001_v","PACKAGE","24 mins","","YHM5-DOI3-CART-FLATS-SPG","false","03-Nov-25 18:00",
"CART_00niec0j_S","SBHNFlL0HX_001_v","PACKAGE","1 hr 12 mins","","YHM5-DOI3-CART-FLATS-SPG","false","03-Nov-25 18:00",
"CART_00niec0j_S","SBsJ0S8fcX_001_v","PACKAGE","9 mins","","YHM5-DOI3-CART-FLATS-SPG","false","03-Nov-25 18:00",
"CART_00niec0j_S","SBsqWVJfFX_001_v","PACKAGE","31 mins","","YHM5-DOI3-CART-FLATS-SPG","false","03-Nov-25 18:00",
"CART_00niec0j_S","SBtkBSQfKX_001_v","PACKAGE","15 mins","","YHM5-DOI3-CART-FLATS-SPG","false","03-Nov-25 18:00",
"CART_00niec0j_S","SBkcVfC0nX_001_v","PACKAGE","1 hr 49 mins","","YHM5-DOI3-CART-FLATS-SPG","false","03-Nov-25 18:00",
"CART_00niec0j_S","SB4mgQNfDX_001_v","PACKAGE","25 mins","","YHM5-DOI3-CART-FLATS-SPG","false","03-Nov-25 18:00",
"CART_00niec0j_S","SBxG2gQ0wX_001_v","PACKAGE","1 hr 9 mins","","YHM5-DOI3-CART-FLATS-SPG","false","03-Nov-25 18:00",
"CART_00niec0j_S","SBsWRh20yX_001_v","PACKAGE","1 hr 2 mins","","YHM5-DOI3-CART-FLATS-SPG","false","03-Nov-25 18:00",
"CART_00niec0j_S","SBWSW8sfBX_001_v","PACKAGE","2 mins","","YHM5-DOI3-CART-FLATS-SPG","false","03-Nov-25 18:00",
"CART_00niec0j_S","SBssMlB0zX_001_v","PACKAGE","1 hr 52 mins","","YHM5-DOI3-CART-FLATS-SPG","false","03-Nov-25 18:00",
"CART_00niec0j_S","SBsDC4mf1X_001_v","PACKAGE","1 hr 53 mins","","YHM5-DOI3-CART-FLATS-SPG","false","03-Nov-25 18:00",
"CART_00niec0j_S","SBhPzSM00X_001_v","PACKAGE","1 hr 54 mins","","YHM5-DOI3-CART-FLATS-SPG","false","03-Nov-25 18:00",
"CART_00niec0j_S","SBh3smhfjX_001_v","PACKAGE","7 mins","","YHM5-DOI3-CART-FLATS-SPG","false","03-Nov-25 18:00",
"CART_00niec0j_S","SBvDLlh0mX_001_v","PACKAGE","32 mins","","YHM5-DOI3-CART-FLATS-SPG","false","03-Nov-25 18:00",
"CART_00niec0j_S","SBBdVBb0KX_001_v","PACKAGE","1 hr 54 mins","","YHM5-DOI3-CART-FLATS-SPG","false","03-Nov-25 18:00",
"CART_00niec0j_S","SBqH9RbCVX_001_v","PACKAGE","9 mins","","YHM5-DOI3-CART-FLATS-SPG","false","03-Nov-25 18:00",
"CART_00niec0j_S","SBqYGVcf9X_001_v","PACKAGE","1 min","","YHM5-DOI3-CART-FLATS-SPG","false","03-Nov-25 18:00",
"CART_00niec0j_S","SBxVhVZCxX_001_v","PACKAGE","2 mins","","YHM5-DOI3-CART-FLATS-SPG","false","03-Nov-25 18:00",
"CART_00niec0j_S","SBhZDbG4MC_001_v","PACKAGE","49 mins","","YHM5-DOI3-CART-FLATS-SPG","false","03-Nov-25 18:00",
"CART_00niec0j_S","SBHtRy9fNX_001_v","PACKAGE","1 hr 50 mins","","YHM5-DOI3-CART-FLATS-SPG","false","03-Nov-25 18:00",
"CART_00niec0j_S","SBtt40H0dX_001_v","PACKAGE","1 hr 38 mins","","YHM5-DOI3-CART-FLATS-SPG","false","03-Nov-25 18:00",
"CART_00niec0j_S","SBBGR0ZfWX_001_v","PACKAGE","35 mins","","YHM5-DOI3-CART-FLATS-SPG","false","03-Nov-25 18:00",
"CART_00niec0j_S","SBkyVJdsnX_001_v","PACKAGE","34 mins","","YHM5-DOI3-CART-FLATS-SPG","false","03-Nov-25 18:00",
"CART_00niec0j_S","SBtxJ2Xf9X_001_v","PACKAGE","43 mins","","YHM5-DOI3-CART-FLATS-SPG","false","03-Nov-25 18:00",
"CART_00niec0j_S","SBqrCgd07X_001_v","PACKAGE","58 mins","","YHM5-DOI3-CART-FLATS-SPG","false","03-Nov-25 18:00",
"CART_00niec0j_S","SBvQ3hq0HX_001_v","PACKAGE","49 mins","","YHM5-DOI3-CART-FLATS-SPG","false","03-Nov-25 18:00",
"CART_00niec0j_S","SBx7KBgfDX_001_v","PACKAGE","25 mins","","YHM5-DOI3-CART-FLATS-SPG","false","03-Nov-25 18:00",
"CART_00niec0j_S","SB7ncStf1X_001_v","PACKAGE","1 hr 2 mins","","YHM5-DOI3-CART-FLATS-SPG","false","03-Nov-25 18:00",
"CART_00niec0j_S","SBv7nrtfBX_001_v","PACKAGE","1 hr 49 mins","","YHM5-DOI3-CART-FLATS-SPG","false","03-Nov-25 18:00",
"CART_00niec0j_S","SBH2wBRfmX_001_v","PACKAGE","35 mins","","YHM5-DOI3-CART-FLATS-SPG","false","03-Nov-25 18:00",
"CART_00niec0j_S","SBh3zS10jX_001_v","PACKAGE","1 hr 26 mins","","YHM5-DOI3-CART-FLATS-SPG","false","03-Nov-25 18:00",
"CART_00niec0j_S","SBB79nV0ZX_001_v","PACKAGE","1 hr 56 mins","","YHM5-DOI3-CART-FLATS-SPG","false","03-Nov-25 18:00",
"CART_00niec0j_S","SBqL8D4fqX_001_v","PACKAGE","1 hr 56 mins","","YHM5-DOI3-CART-FLATS-SPG","false","03-Nov-25 18:00",
"CART_00niec0j_S","SBtPczjfbX_001_v","PACKAGE","8 mins","","YHM5-DOI3-CART-FLATS-SPG","false","03-Nov-25 18:00",
"CART_00niec0j_S","SBtzcpd0LX_001_v","PACKAGE","1 hr 57 mins","","YHM5-DOI3-CART-FLATS-SPG","false","03-Nov-25 18:00",
"CART_00niec0j_S","SBqCmkrfYX_001_v","PACKAGE","1 hr 14 mins","","YHM5-DOI3-CART-FLATS-SPG","false","03-Nov-25 18:00",
"CART_00niec0j_S","SBfQs0Wf8X_001_v","PACKAGE","7 mins","","YHM5-DOI3-CART-FLATS-SPG","false","03-Nov-25 18:00",
"CART_00niec0j_S","SB71x1bfrX_001_v","PACKAGE","1 hr 55 mins","","YHM5-DOI3-CART-FLATS-SPG","false","03-Nov-25 18:00",
"","FR-10220","STACKING_AREA","","1 items","","false","null",
"FR-10220","CART_00nftdt1_S","CART","2 hrs 4 mins","89 items","YHM5-DON9-CART-FLATS-SPG","false","03-Nov-25 18:00",
"CART_00nftdt1_S","SBH18n00SX_001_v","PACKAGE","1 hr 56 mins","","YHM5-DON9-CART-FLATS-SPG","false","03-Nov-25 18:00",
"CART_00nftdt1_S","SBsYMHdfxX_001_v","PACKAGE","1 hr 55 mins","","YHM5-DON9-CART-FLATS-SPG","false","03-Nov-25 18:00",
"CART_00nftdt1_S","SB4RyRXflX_001_v","PACKAGE","56 mins","","YHM5-DON9-CART-FLATS-SPG","false","03-Nov-25 18:00",
"CART_00nftdt1_S","SBqNmgVdzX_001_v","PACKAGE","15 mins","","YHM5-DON9-CART-FLATS-SPG","false","03-Nov-25 18:00",
"CART_00nftdt1_S","SBBN8TL0hX_001_v","PACKAGE","1 hr 39 mins","","YHM5-DON9-CART-FLATS-SPG","false","03-Nov-25 18:00",
"CART_00nftdt1_S","SBhbll40SX_001_v","PACKAGE","1 min","","YHM5-DON9-CART-FLATS-SPG","false","03-Nov-25 18:00",
"CART_00nftdt1_S","SBvl39XfnX_001_v","PACKAGE","1 hr 3 mins","","YHM5-DON9-CART-FLATS-SPG","false","03-Nov-25 18:00",
"CART_00nftdt1_S","SBBpnyZf4X_001_v","PACKAGE","1 hr 55 mins","","YHM5-DON9-CART-FLATS-SPG","false","03-Nov-25 18:00",
"CART_00nftdt1_S","SBx5K8PfSX_001_v","PACKAGE","13 mins","","YHM5-DON9-CART-FLATS-SPG","false","03-Nov-25 18:00",
"CART_00nftdt1_S","SBqvL6z0QX_001_v","PACKAGE","1 hr 23 mins","","YHM5-DON9-CART-FLATS-SPG","false","03-Nov-25 18:00",
"CART_00nftdt1_S","SBsQHvwfyX_001_v","PACKAGE","1 hr 46 mins","","YHM5-DON9-CART-FLATS-SPG","false","03-Nov-25 18:00",
"CART_00nftdt1_S","SBk8CvhfMX_001_v","PACKAGE","1 hr 31 mins","","YHM5-DON9-CART-FLATS-SPG","false","03-Nov-25 18:00",
"CART_00nftdt1_S","SBhzpJSfNX_001_v","PACKAGE","1 hr 57 mins","","YHM5-DON9-CART-FLATS-SPG","false","03-Nov-25 18:00",
"CART_00nftdt1_S","SBsC6Xx04X_001_v","PACKAGE","1 hr 46 mins","","YHM5-DON9-CART-FLATS-SPG","false","03-Nov-25 18:00",
"CART_00nftdt1_S","SB4cqDYfZX_001_v","PACKAGE","1 hr 44 mins","","YHM5-DON9-CART-FLATS-SPG","false","03-Nov-25 18:00",
"CART_00nftdt1_S","SBBxw6Nf6X_001_v","PACKAGE","1 hr 23 mins","","YHM5-DON9-CART-FLATS-SPG","false","03-Nov-25 18:00",
"CART_00nftdt1_S","SB7Xxysf3X_001_v","PACKAGE","1 hr 58 mins","","YHM5-DON9-CART-FLATS-SPG","false","03-Nov-25 18:00",
"CART_00nftdt1_S","SB71j4XfWX_001_v","PACKAGE","1 hr 39 mins","","YHM5-DON9-CART-FLATS-SPG","false","03-Nov-25 18:00",
"CART_00nftdt1_S","SB7tc19fBX_001_v","PACKAGE","1 hr 26 mins","","YHM5-DON9-CART-FLATS-SPG","false","03-Nov-25 18:00",
"CART_00nftdt1_S","SBfrjJ8fgX_001_v","PACKAGE","1 hr 40 mins","","YHM5-DON9-CART-FLATS-SPG","false","03-Nov-25 18:00",
"CART_00nftdt1_S","SBkNfhQ0CX_001_v","PACKAGE","1 hr 6 mins","","YHM5-DON9-CART-FLATS-SPG","false","03-Nov-25 18:00",
"CART_00nftdt1_S","SBkr808fPX_001_v","PACKAGE","35 mins","","YHM5-DON9-CART-FLATS-SPG","false","03-Nov-25 18:00",
"CART_00nftdt1_S","SB7lTvpf9X_001_v","PACKAGE","1 hr 34 mins","","YHM5-DON9-CART-FLATS-SPG","false","03-Nov-25 18:00",
"CART_00nftdt1_S","SB45llJ0hX_001_v","PACKAGE","1 hr 31 mins","","YHM5-DON9-CART-FLATS-SPG","false","03-Nov-25 18:00",
"CART_00nftdt1_S","SBkk30m0rX_001_v","PACKAGE","1 hr 41 mins","","YHM5-DON9-CART-FLATS-SPG","false","03-Nov-25 18:00",
"CART_00nftdt1_S","SBk90P70TX_001_v","PACKAGE","1 hr 23 mins","","YHM5-DON9-CART-FLATS-SPG","false","03-Nov-25 18:00",
"CART_00nftdt1_S","SBhwhYBfHX_001_v","PACKAGE","41 mins","","YHM5-DON9-CART-FLATS-SPG","false","03-Nov-25 18:00",
"CART_00nftdt1_S","SBfljytfsX_001_v","PACKAGE","1 hr 53 mins","","YHM5-DON9-CART-FLATS-SPG","false","03-Nov-25 18:00",
"CART_00nftdt1_S","SBsVVzHfhX_001_v","PACKAGE","1 hr 22 mins","","YHM5-DON9-CART-FLATS-SPG","false","03-Nov-25 18:00",
"CART_00nftdt1_S","SBBwP8h0CX_001_v","PACKAGE","1 hr 26 mins","","YHM5-DON9-CART-FLATS-SPG","false","03-Nov-25 18:00",
"CART_00nftdt1_S","SBHJYlR0mX_001_v","PACKAGE","1 hr 42 mins","","YHM5-DON9-CART-FLATS-SPG","false","03-Nov-25 18:00",
"CART_00nftdt1_S","SBxCB8Z0pX_001_v","PACKAGE","1 hr 31 mins","","YHM5-DON9-CART-FLATS-SPG","false","03-Nov-25 18:00",
"CART_00nftdt1_S","SBHdR1rfdX_001_v","PACKAGE","1 hr 57 mins","","YHM5-DON9-CART-FLATS-SPG","false","03-Nov-25 18:00",
"CART_00nftdt1_S","SBH1M1HfFX_001_v","PACKAGE","1 hr 33 mins","","YHM5-DON9-CART-FLATS-SPG","false","03-Nov-25 18:00",
"CART_00nftdt1_S","SBfTg0v0TX_001_v","PACKAGE","1 hr 50 mins","","YHM5-DON9-CART-FLATS-SPG","false","03-Nov-25 18:00",
"CART_00nftdt1_S","SBf4csR0FX_001_v","PACKAGE","1 hr 49 mins","","YHM5-DON9-CART-FLATS-SPG","false","03-Nov-25 18:00",
"CART_00nftdt1_S","SBxfJtW0HX_001_v","PACKAGE","1 hr 47 mins","","YHM5-DON9-CART-FLATS-SPG","false","03-Nov-25 18:00",
"CART_00nftdt1_S","SBtgXBtfbX_001_v","PACKAGE","4 mins","","YHM5-DON9-CART-FLATS-SPG","false","03-Nov-25 18:00",
"CART_00nftdt1_S","SBkQvF8fNX_001_v","PACKAGE","1 hr 58 mins","","YHM5-DON9-CART-FLATS-SPG","false","03-Nov-25 18:00",
"CART_00nftdt1_S","SBH7Fl706X_001_v","PACKAGE","1 hr 7 mins","","YHM5-DON9-CART-FLATS-SPG","false","03-Nov-25 18:00",
"CART_00nftdt1_S","SB7Dy9yCLX_001_v","PACKAGE","8 mins","","YHM5-DON9-CART-FLATS-SPG","false","03-Nov-25 18:00",
"CART_00nftdt1_S","SBh57w705X_001_v","PACKAGE","1 hr 55 mins","","YHM5-DON9-CART-FLATS-SPG","false","03-Nov-25 18:00",
"CART_00nftdt1_S","SBvSWXH0FX_001_v","PACKAGE","1 hr 56 mins","","YHM5-DON9-CART-FLATS-SPG","false","03-Nov-25 18:00",
"CART_00nftdt1_S","SBs9rXF08X_001_v","PACKAGE","1 hr 41 mins","","YHM5-DON9-CART-FLATS-SPG","false","03-Nov-25 18:00",
"CART_00nftdt1_S","SBtcp2mftX_001_v","PACKAGE","1 min","","YHM5-DON9-CART-FLATS-SPG","false","03-Nov-25 18:00",
"CART_00nftdt1_S","SBWj0cZ0wX_001_v","PACKAGE","1 hr 57 mins","","YHM5-DON9-CART-FLATS-SPG","false","03-Nov-25 18:00",
"CART_00nftdt1_S","SBvP6QXfYX_001_v","PACKAGE","1 hr 21 mins","","YHM5-DON9-CART-FLATS-SPG","false","03-Nov-25 18:00",
"CART_00nftdt1_S","SBsm0cLfwX_001_v","PACKAGE","1 hr 6 mins","","YHM5-DON9-CART-FLATS-SPG","false","03-Nov-25 18:00",
"CART_00nftdt1_S","SBxbtvBfdX_001_v","PACKAGE","1 hr 31 mins","","YHM5-DON9-CART-FLATS-SPG","false","03-Nov-25 18:00",
"CART_00nftdt1_S","SBsZQgTfSX_001_v","PACKAGE","17 mins","","YHM5-DON9-CART-FLATS-SPG","false","03-Nov-25 18:00",
"CART_00nftdt1_S","SBh4Jfr07X_001_v","PACKAGE","1 hr 59 mins","","YHM5-DON9-CART-FLATS-SPG","false","03-Nov-25 18:00",
"CART_00nftdt1_S","SBWVfgJf2X_001_v","PACKAGE","33 mins","","YHM5-DON9-CART-FLATS-SPG","false","03-Nov-25 18:00",
"CART_00nftdt1_S","SBBSZxP0rX_001_v","PACKAGE","1 hr 31 mins","","YHM5-DON9-CART-FLATS-SPG","false","03-Nov-25 18:00",
"CART_00nftdt1_S","SBWDV4SfjX_001_v","PACKAGE","1 hr 51 mins","","YHM5-DON9-CART-FLATS-SPG","false","03-Nov-25 18:00",
"CART_00nftdt1_S","SBHHHCP0FX_001_v","PACKAGE","1 hr 31 mins","","YHM5-DON9-CART-FLATS-SPG","false","03-Nov-25 18:00",
"CART_00nftdt1_S","SBBRYc7fdX_001_v","PACKAGE","1 hr 43 mins","","YHM5-DON9-CART-FLATS-SPG","false","03-Nov-25 18:00",
"CART_00nftdt1_S","SBtxJ8m0gX_001_v","PACKAGE","50 mins","","YHM5-DON9-CART-FLATS-SPG","false","03-Nov-25 18:00",
"CART_00nftdt1_S","SBs0rgyfKX_001_v","PACKAGE","4 mins","","YHM5-DON9-CART-FLATS-SPG","false","03-Nov-25 18:00",
"CART_00nftdt1_S","SBfg1sjfGX_001_v","PACKAGE","11 mins","","YHM5-DON9-CART-FLATS-SPG","false","03-Nov-25 18:00",
"CART_00nftdt1_S","SBfyhd3fSX_001_v","PACKAGE","1 hr 25 mins","","YHM5-DON9-CART-FLATS-SPG","false","03-Nov-25 18:00",
"CART_00nftdt1_S","SBvk0Ct0fX_001_v","PACKAGE","1 hr 38 mins","","YHM5-DON9-CART-FLATS-SPG","false","03-Nov-25 18:00",
"CART_00nftdt1_S","SBH001bfQX_001_v","PACKAGE","1 hr 40 mins","","YHM5-DON9-CART-FLATS-SPG","false","03-Nov-25 18:00",
"CART_00nftdt1_S","SB452hx0VX_001_v","PACKAGE","1 hr 9 mins","","YHM5-DON9-CART-FLATS-SPG","false","03-Nov-25 18:00",
"CART_00nftdt1_S","SBhbqQk0ZX_001_v","PACKAGE","1 hr 39 mins","","YHM5-DON9-CART-FLATS-SPG","false","03-Nov-25 18:00",
"CART_00nftdt1_S","SBvzV6wfZX_001_v","PACKAGE","14 mins","","YHM5-DON9-CART-FLATS-SPG","false","03-Nov-25 18:00",
"CART_00nftdt1_S","SBhH13ZfXX_001_v","PACKAGE","1 hr 20 mins","","YHM5-DON9-CART-FLATS-SPG","false","03-Nov-25 18:00",
"CART_00nftdt1_S","SBxb2cGfLX_001_v","PACKAGE","56 mins","","YHM5-DON9-CART-FLATS-SPG","false","03-Nov-25 18:00",
"CART_00nftdt1_S","SBfs1R0fyX_001_v","PACKAGE","15 mins","","YHM5-DON9-CART-FLATS-SPG","false","03-Nov-25 18:00",
"CART_00nftdt1_S","SBfRtMwfVX_001_v","PACKAGE","1 hr 26 mins","","YHM5-DON9-CART-FLATS-SPG","false","03-Nov-25 18:00",
"CART_00nftdt1_S","SB7yxMTf1X_001_v","PACKAGE","1 hr 18 mins","","YHM5-DON9-CART-FLATS-SPG","false","03-Nov-25 18:00",
"CART_00nftdt1_S","SBvXQ8j0DX_001_v","PACKAGE","38 mins","","YHM5-DON9-CART-FLATS-SPG","false","03-Nov-25 18:00",
"CART_00nftdt1_S","SBtJTwxCRX_001_v","PACKAGE","1 min","","YHM5-DON9-CART-FLATS-SPG","false","03-Nov-25 18:00",
"CART_00nftdt1_S","SBtzKlw0yX_001_v","PACKAGE","1 hr 22 mins","","YHM5-DON9-CART-FLATS-SPG","false","03-Nov-25 18:00",
"CART_00nftdt1_S","SBx0jtX0JX_001_v","PACKAGE","1 hr 50 mins","","YHM5-DON9-CART-FLATS-SPG","false","03-Nov-25 18:00",
"CART_00nftdt1_S","SBhcKQ6fyX_001_v","PACKAGE","55 mins","","YHM5-DON9-CART-FLATS-SPG","false","03-Nov-25 18:00",
"CART_00nftdt1_S","SBfgSyhfbX_001_v","PACKAGE","1 hr 26 mins","","YHM5-DON9-CART-FLATS-SPG","false","03-Nov-25 18:00",
"CART_00nftdt1_S","SBsWH8n02X_001_v","PACKAGE","1 hr 10 mins","","YHM5-DON9-CART-FLATS-SPG","false","03-Nov-25 18:00",
"CART_00nftdt1_S","SBqD5YhfRX_001_v","PACKAGE","1 hr 47 mins","","YHM5-DON9-CART-FLATS-SPG","false","03-Nov-25 18:00",
"CART_00nftdt1_S","SBqTrHXflX_001_v","PACKAGE","1 hr 52 mins","","YHM5-DON9-CART-FLATS-SPG","false","03-Nov-25 18:00",
"CART_00nftdt1_S","SB4PTJvfbX_001_v","PACKAGE","17 mins","","YHM5-DON9-CART-FLATS-SPG","false","03-Nov-25 18:00",
"CART_00nftdt1_S","SBvyRzpfpX_001_v","PACKAGE","1 hr 47 mins","","YHM5-DON9-CART-FLATS-SPG","false","03-Nov-25 18:00",
"CART_00nftdt1_S","SBfMNJ4fxX_001_v","PACKAGE","1 hr 54 mins","","YHM5-DON9-CART-FLATS-SPG","false","03-Nov-25 18:00",
"CART_00nftdt1_S","SBk29MkfMX_001_v","PACKAGE","1 hr 45 mins","","YHM5-DON9-CART-FLATS-SPG","false","03-Nov-25 18:00",
"CART_00nftdt1_S","SBBbHTnftX_001_v","PACKAGE","8 mins","","YHM5-DON9-CART-FLATS-SPG","false","03-Nov-25 18:00",
"CART_00nftdt1_S","SB40sFFfMX_001_v","PACKAGE","1 hr 26 mins","","YHM5-DON9-CART-FLATS-SPG","false","03-Nov-25 18:00",
"CART_00nftdt1_S","SBvC9lD0bX_001_v","PACKAGE","1 hr 44 mins","","YHM5-DON9-CART-FLATS-SPG","false","03-Nov-25 18:00",
"CART_00nftdt1_S","SB4Ds3PfTX_001_v","PACKAGE","44 mins","","YHM5-DON9-CART-FLATS-SPG","false","03-Nov-25 18:00",
"CART_00nftdt1_S","SBkXm3tfNX_001_v","PACKAGE","57 mins","","YHM5-DON9-CART-FLATS-SPG","false","03-Nov-25 18:00",
"CART_00nftdt1_S","SBk6nT30jX_001_v","PACKAGE","1 hr 45 mins","","YHM5-DON9-CART-FLATS-SPG","false","03-Nov-25 18:00",
"","FR-11010","STACKING_AREA","","1 items","","false","null",
"FR-11010","CART_00qa7p7z_S","CART","5 hrs 20 mins","54 items","YHM5-DOI3-CART-SPG","false","03-Nov-25 18:00",
"CART_00qa7p7z_S","SBhyh9Z0gX_001_v","PACKAGE","4 hrs 4 mins","","YHM5-DOI3-CART-SPG","false","03-Nov-25 18:00",
"CART_00qa7p7z_S","SBhJB2gfPX_001_v","PACKAGE","27 mins","","YHM5-DOI3-CART-SPG","false","03-Nov-25 18:00",
"CART_00qa7p7z_S","SBxPDf9LpX_001_v","PACKAGE","5 hrs 18 mins","","YHM5-DOI3-CART-SPG","false","03-Nov-25 18:00",
"CART_00qa7p7z_S","SBsfGgF0QX_001_v","PACKAGE","26 mins","","YHM5-DOI3-CART-SPG","false","03-Nov-25 18:00",
"CART_00qa7p7z_S","SBtCgBdfbX_001_v","PACKAGE","2 mins","","YHM5-DOI3-CART-SPG","false","03-Nov-25 18:00",
"CART_00qa7p7z_S","SBtfdCV0zX_001_v","PACKAGE","2 hrs 2 mins","","YHM5-DOI3-CART-SPG","false","03-Nov-25 18:00",
"CART_00qa7p7z_S","SB7KKvcGRX_001_v","PACKAGE","5 hrs 18 mins","","YHM5-DOI3-CART-SPG","false","03-Nov-25 18:00",
"CART_00qa7p7z_S","SBv6FsZ0lX_001_v","PACKAGE","2 hrs 30 mins","","YHM5-DOI3-CART-SPG","false","03-Nov-25 18:00",
"CART_00qa7p7z_S","SB7RBPn0mX_001_v","PACKAGE","1 min","","YHM5-DOI3-CART-SPG","false","03-Nov-25 18:00",
"CART_00qa7p7z_S","SBkBw3S0pX_001_v","PACKAGE","2 hrs 30 mins","","YHM5-DOI3-CART-SPG","false","03-Nov-25 18:00",
"CART_00qa7p7z_S","SBfq4Fdf7X_001_v","PACKAGE","27 mins","","YHM5-DOI3-CART-SPG","false","03-Nov-25 18:00",
"CART_00qa7p7z_S","SBscQhP06X_001_v","PACKAGE","27 mins","","YHM5-DOI3-CART-SPG","false","03-Nov-25 18:00",
"CART_00qa7p7z_S","SBstvM204X_001_v","PACKAGE","48 mins","","YHM5-DOI3-CART-SPG","false","03-Nov-25 18:00",
"CART_00qa7p7z_S","SB7VxnRf4X_001_v","PACKAGE","1 min","","YHM5-DOI3-CART-SPG","false","03-Nov-25 18:00",
"CART_00qa7p7z_S","SBB088h0HX_001_v","PACKAGE","1 min","","YHM5-DOI3-CART-SPG","false","03-Nov-25 18:00",
"CART_00qa7p7z_S","SBtxcmc0GX_001_v","PACKAGE","1 min","","YHM5-DOI3-CART-SPG","false","03-Nov-25 18:00",
"CART_00qa7p7z_S","SBkZm0G0lX_001_v","PACKAGE","48 mins","","YHM5-DOI3-CART-SPG","false","03-Nov-25 18:00",
"CART_00qa7p7z_S","SBqCMcx0fX_001_v","PACKAGE","2 hrs 31 mins","","YHM5-DOI3-CART-SPG","false","03-Nov-25 18:00",
"CART_00qa7p7z_S","SV9nnFF2Sp_001_v","PACKAGE","2 hrs 30 mins","","YHM5-DOI3-CART-SPG","false","03-Nov-25 18:00",
"CART_00qa7p7z_S","SBhm2w0fTX_001_v","PACKAGE","2 hrs 2 mins","","YHM5-DOI3-CART-SPG","false","03-Nov-25 18:00",
"CART_00qa7p7z_S","SBhSsffL6X_001_v","PACKAGE","4 hrs 19 mins","","YHM5-DOI3-CART-SPG","false","03-Nov-25 18:00",
"CART_00qa7p7z_S","SBh4TpYrCX_001_v","PACKAGE","5 hrs 19 mins","","YHM5-DOI3-CART-SPG","false","03-Nov-25 18:00",
"CART_00qa7p7z_S","SBk75b6fwX_001_v","PACKAGE","48 mins","","YHM5-DOI3-CART-SPG","false","03-Nov-25 18:00",
"CART_00qa7p7z_S","SB4fX6LfsX_001_v","PACKAGE","27 mins","","YHM5-DOI3-CART-SPG","false","03-Nov-25 18:00",
"CART_00qa7p7z_S","SBq1VJTJhX_001_v","PACKAGE","4 hrs 4 mins","","YHM5-DOI3-CART-SPG","false","03-Nov-25 18:00",
"CART_00qa7p7z_S","SBkjYF8fdX_001_v","PACKAGE","28 mins","","YHM5-DOI3-CART-SPG","false","03-Nov-25 18:00",
"CART_00qa7p7z_S","SBxRcDfG3X_001_v","PACKAGE","5 hrs 19 mins","","YHM5-DOI3-CART-SPG","false","03-Nov-25 18:00",
"CART_00qa7p7z_S","SBsKFRCf7X_001_v","PACKAGE","2 hrs 30 mins","","YHM5-DOI3-CART-SPG","false","03-Nov-25 18:00",
"CART_00qa7p7z_S","SBHy0Kx0qX_001_v","PACKAGE","3 hrs 45 mins","","YHM5-DOI3-CART-SPG","false","03-Nov-25 18:00",
"CART_00qa7p7z_S","SBkk3Tx0PX_001_v","PACKAGE","2 hrs 1 min","","YHM5-DOI3-CART-SPG","false","03-Nov-25 18:00",
"CART_00qa7p7z_S","SBxbcz404X_001_v","PACKAGE","4 hrs 5 mins","","YHM5-DOI3-CART-SPG","false","03-Nov-25 18:00",
"CART_00qa7p7z_S","SB4PzlnP0X_001_v","PACKAGE","28 mins","","YHM5-DOI3-CART-SPG","false","03-Nov-25 18:00",
"CART_00qa7p7z_S","SBh4X9Y0NX_001_v","PACKAGE","4 hrs 4 mins","","YHM5-DOI3-CART-SPG","false","03-Nov-25 18:00",
"CART_00qa7p7z_S","SB44T9l0NX_001_v","PACKAGE","3 hrs 45 mins","","YHM5-DOI3-CART-SPG","false","03-Nov-25 18:00",
"CART_00qa7p7z_S","SBW5fvD02X_001_v","PACKAGE","4 hrs 19 mins","","YHM5-DOI3-CART-SPG","false","03-Nov-25 18:00",
"CART_00qa7p7z_S","SBWFkkbfSX_001_v","PACKAGE","48 mins","","YHM5-DOI3-CART-SPG","false","03-Nov-25 18:00",
"CART_00qa7p7z_S","SBB2GsC0YX_001_v","PACKAGE","2 hrs 2 mins","","YHM5-DOI3-CART-SPG","false","03-Nov-25 18:00",
"CART_00qa7p7z_S","SBHqGVgs9X_001_v","PACKAGE","4 hrs 19 mins","","YHM5-DOI3-CART-SPG","false","03-Nov-25 18:00",
"CART_00qa7p7z_S","SBhXxbx0lX_001_v","PACKAGE","5 hrs 1 min","","YHM5-DOI3-CART-SPG","false","03-Nov-25 18:00",
"CART_00qa7p7z_S","SB4cq7pdTX_001_v","PACKAGE","47 mins","","YHM5-DOI3-CART-SPG","false","03-Nov-25 18:00",
"CART_00qa7p7z_S","SB7k74NsfX_001_v","PACKAGE","5 hrs 18 mins","","YHM5-DOI3-CART-SPG","false","03-Nov-25 18:00",
"CART_00qa7p7z_S","SBhR4LJR4X_001_v","PACKAGE","3 hrs 53 mins","","YHM5-DOI3-CART-SPG","false","03-Nov-25 18:00",
"CART_00qa7p7z_S","SBsyRBp00X_001_v","PACKAGE","1 min","","YHM5-DOI3-CART-SPG","false","03-Nov-25 18:00",
"CART_00qa7p7z_S","SBqj6xD0cX_001_v","PACKAGE","2 hrs 29 mins","","YHM5-DOI3-CART-SPG","false","03-Nov-25 18:00",
"CART_00qa7p7z_S","SBBVM3csdX_001_v","PACKAGE","5 hrs 1 min","","YHM5-DOI3-CART-SPG","false","03-Nov-25 18:00",
"CART_00qa7p7z_S","SBB4Y9l0NX_001_v","PACKAGE","4 hrs 19 mins","","YHM5-DOI3-CART-SPG","false","03-Nov-25 18:00",
"CART_00qa7p7z_S","SBsH5YSfDX_001_v","PACKAGE","28 mins","","YHM5-DOI3-CART-SPG","false","03-Nov-25 18:00",
"CART_00qa7p7z_S","SB7JyzV0CX_001_v","PACKAGE","4 hrs 19 mins","","YHM5-DOI3-CART-SPG","false","03-Nov-25 18:00",
"CART_00qa7p7z_S","SBvTWF0fhX_001_v","PACKAGE","26 mins","","YHM5-DOI3-CART-SPG","false","03-Nov-25 18:00",
"CART_00qa7p7z_S","SBHN6j7GpX_001_v","PACKAGE","5 hrs 1 min","","YHM5-DOI3-CART-SPG","false","03-Nov-25 18:00",
"CART_00qa7p7z_S","SBxvdWZ0XX_001_v","PACKAGE","2 hrs 30 mins","","YHM5-DOI3-CART-SPG","false","03-Nov-25 18:00",
"CART_00qa7p7z_S","SBHqHFbprX_001_v","PACKAGE","4 hrs 19 mins","","YHM5-DOI3-CART-SPG","false","03-Nov-25 18:00",
"CART_00qa7p7z_S","SBqQVXF0jX_001_v","PACKAGE","27 mins","","YHM5-DOI3-CART-SPG","false","03-Nov-25 18:00",
"CART_00qa7p7z_S","SBtbyqr0LX_001_v","PACKAGE","3 hrs 52 mins","","YHM5-DOI3-CART-SPG","false","03-Nov-25 18:00",
"","FR-11009","STACKING_AREA","","1 items","","false","null",
"FR-11009","CART_017i3fqp_S","CART","1 hr 8 mins","32 items","YHM5-DOI4-CART-FLATS-SPG","false","03-Nov-25 18:00",
"CART_017i3fqp_S","SB7jhLcf9X_001_v","PACKAGE","2 mins","","YHM5-DOI4-CART-FLATS-SPG","false","03-Nov-25 18:00",
"CART_017i3fqp_S","SBHmPlBf4X_001_v","PACKAGE","9 mins","","YHM5-DOI4-CART-FLATS-SPG","false","03-Nov-25 18:00",
"CART_017i3fqp_S","SBsbfK5GyX_001_v","PACKAGE","50 mins","","YHM5-DOI4-CART-FLATS-SPG","false","03-Nov-25 18:00",
"CART_017i3fqp_S","SBfhSJvfNX_001_v","PACKAGE","58 mins","","YHM5-DOI4-CART-FLATS-SPG","false","03-Nov-25 18:00",
"CART_017i3fqp_S","SB7s7Qjf5X_001_v","PACKAGE","38 mins","","YHM5-DOI4-CART-FLATS-SPG","false","03-Nov-25 18:00",
"CART_017i3fqp_S","SBsk56rfRX_001_v","PACKAGE","35 mins","","YHM5-DOI4-CART-FLATS-SPG","false","03-Nov-25 18:00",
"CART_017i3fqp_S","SBk1m9Nf6X_001_v","PACKAGE","39 mins","","YHM5-DOI4-CART-FLATS-SPG","false","03-Nov-25 18:00",
"CART_017i3fqp_S","SB4l126f6X_001_v","PACKAGE","47 mins","","YHM5-DOI4-CART-FLATS-SPG","false","03-Nov-25 18:00",
"CART_017i3fqp_S","SBvN69gCvX_001_v","PACKAGE","18 mins","","YHM5-DOI4-CART-FLATS-SPG","false","03-Nov-25 18:00",
"CART_017i3fqp_S","SBs4W9GfTX_001_v","PACKAGE","3 mins","","YHM5-DOI4-CART-FLATS-SPG","false","03-Nov-25 18:00",
"CART_017i3fqp_S","SBxF1QDfdX_001_v","PACKAGE","27 mins","","YHM5-DOI4-CART-FLATS-SPG","false","03-Nov-25 18:00",
"CART_017i3fqp_S","SBBk687fLX_001_v","PACKAGE","40 mins","","YHM5-DOI4-CART-FLATS-SPG","false","03-Nov-25 18:00",
"CART_017i3fqp_S","SB4stlSflX_001_v","PACKAGE","6 mins","","YHM5-DOI4-CART-FLATS-SPG","false","03-Nov-25 18:00",
"CART_017i3fqp_S","SB7ndTlflX_001_v","PACKAGE","6 mins","","YHM5-DOI4-CART-FLATS-SPG","false","03-Nov-25 18:00",
"CART_017i3fqp_S","SBfvbQQfsX_001_v","PACKAGE","27 mins","","YHM5-DOI4-CART-FLATS-SPG","false","03-Nov-25 18:00",
"CART_017i3fqp_S","SBvs5lwfJX_001_v","PACKAGE","39 mins","","YHM5-DOI4-CART-FLATS-SPG","false","03-Nov-25 18:00",
"CART_017i3fqp_S","SBfv19lCLX_001_v","PACKAGE","8 mins","","YHM5-DOI4-CART-FLATS-SPG","false","03-Nov-25 18:00",
"CART_017i3fqp_S","SB7mSlbfSX_001_v","PACKAGE","25 mins","","YHM5-DOI4-CART-FLATS-SPG","false","03-Nov-25 18:00",
"CART_017i3fqp_S","SB4Zt07fZX_001_v","PACKAGE","24 mins","","YHM5-DOI4-CART-FLATS-SPG","false","03-Nov-25 18:00",
"CART_017i3fqp_S","SBHzWcTfcX_001_v","PACKAGE","18 mins","","YHM5-DOI4-CART-FLATS-SPG","false","03-Nov-25 18:00",
"CART_017i3fqp_S","SBHlnxHfVX_001_v","PACKAGE","25 mins","","YHM5-DOI4-CART-FLATS-SPG","false","03-Nov-25 18:00",
"CART_017i3fqp_S","SBvf59bfWX_001_v","PACKAGE","5 mins","","YHM5-DOI4-CART-FLATS-SPG","false","03-Nov-25 18:00",
"CART_017i3fqp_S","SB4bqrPnCX_001_v","PACKAGE","11 mins","","YHM5-DOI4-CART-FLATS-SPG","false","03-Nov-25 18:00",
"CART_017i3fqp_S","SBvR8w5CwX_001_v","PACKAGE","4 mins","","YHM5-DOI4-CART-FLATS-SPG","false","03-Nov-25 18:00",
"CART_017i3fqp_S","SBhXx99fgX_001_v","PACKAGE","1 hr 3 mins","","YHM5-DOI4-CART-FLATS-SPG","false","03-Nov-25 18:00",
"CART_017i3fqp_S","SB78XBVflX_001_v","PACKAGE","10 mins","","YHM5-DOI4-CART-FLATS-SPG","false","03-Nov-25 18:00",
"CART_017i3fqp_S","SBWYr0NfvX_001_v","PACKAGE","12 mins","","YHM5-DOI4-CART-FLATS-SPG","false","03-Nov-25 18:00",
"CART_017i3fqp_S","SB7wzBrfDX_001_v","PACKAGE","3 mins","","YHM5-DOI4-CART-FLATS-SPG","false","03-Nov-25 18:00",
"CART_017i3fqp_S","SB4xXGx7gC_001_v","PACKAGE","1 hr 3 mins","","YHM5-DOI4-CART-FLATS-SPG","false","03-Nov-25 18:00",
"CART_017i3fqp_S","SBqLrm3f5X_001_v","PACKAGE","22 mins","","YHM5-DOI4-CART-FLATS-SPG","false","03-Nov-25 18:00",
"CART_017i3fqp_S","SBtPs6ffxX_001_v","PACKAGE","54 mins","","YHM5-DOI4-CART-FLATS-SPG","false","03-Nov-25 18:00",
"CART_017i3fqp_S","SBsLYRfCsX_001_v","PACKAGE","1 min","","YHM5-DOI4-CART-FLATS-SPG","false","03-Nov-25 18:00",
"","FR-10917","STACKING_AREA","","1 items","","false","null",
"FR-10917","CART_017irrhd_S","CART","1 hr 2 mins","9 items","YHM5-DOI4-CART-SPG","false","03-Nov-25 18:00",
"CART_017irrhd_S","SBsyV6WfXX_001_v","PACKAGE","37 mins","","YHM5-DOI4-CART-SPG","false","03-Nov-25 18:00",
"CART_017irrhd_S","SBtVjMPftX_001_v","PACKAGE","37 mins","","YHM5-DOI4-CART-SPG","false","03-Nov-25 18:00",
"CART_017irrhd_S","SB4Nbchf3X_001_v","PACKAGE","37 mins","","YHM5-DOI4-CART-SPG","false","03-Nov-25 18:00",
"CART_017irrhd_S","SB7RxRQfqX_001_v","PACKAGE","37 mins","","YHM5-DOI4-CART-SPG","false","03-Nov-25 18:00",
"CART_017irrhd_S","SBxYx3yfkX_001_v","PACKAGE","36 mins","","YHM5-DOI4-CART-SPG","false","03-Nov-25 18:00",
"CART_017irrhd_S","SBh2Kcg0KX_001_v","PACKAGE","37 mins","","YHM5-DOI4-CART-SPG","false","03-Nov-25 18:00",
"CART_017irrhd_S","SV0DcvMc0h_001_v","PACKAGE","37 mins","","YHM5-DOI4-CART-SPG","false","03-Nov-25 18:00",
"CART_017irrhd_S","SBBCfSf03X_001_v","PACKAGE","36 mins","","YHM5-DOI4-CART-SPG","false","03-Nov-25 18:00",
"CART_017irrhd_S","SBfTgNRf7X_001_v","PACKAGE","26 mins","","YHM5-DOI4-CART-SPG","false","03-Nov-25 18:00",
"","FR-10614","STACKING_AREA","","1 items","","false","null",
"FR-10614","GAYLORD_8IEEiO_Z","GAYLORD","16 mins","5 items","YHM5-DLC8-CART-FLATS-SPG","false","03-Nov-25 18:00",
"GAYLORD_8IEEiO_Z","SBxLSNFCmX_001_v","PACKAGE","3 mins","","YHM5-DLC8-CART-FLATS-SPG","false","03-Nov-25 18:00",
"GAYLORD_8IEEiO_Z","SBfRglsfcX_001_v","PACKAGE","10 mins","","YHM5-DLC8-CART-FLATS-SPG","false","03-Nov-25 18:00",
"GAYLORD_8IEEiO_Z","SBks0sLfwX_001_v","PACKAGE","5 mins","","YHM5-DLC8-CART-FLATS-SPG","false","03-Nov-25 18:00",
"GAYLORD_8IEEiO_Z","SBHyG24fjX_001_v","PACKAGE","2 mins","","YHM5-DLC8-CART-FLATS-SPG","false","03-Nov-25 18:00",
"GAYLORD_8IEEiO_Z","SBsR60FfhX_001_v","PACKAGE","2 mins","","YHM5-DLC8-CART-FLATS-SPG","false","03-Nov-25 18:00",
"","FR-10611","STACKING_AREA","","1 items","","false","null",
"FR-10611","CART_00trqt4x_S","CART","11 mins","2 items","YHM5-DLC8-CART-SPG","false","03-Nov-25 18:00",
"CART_00trqt4x_S","SB4Bll703X_001_v","PACKAGE","11 mins","","YHM5-DLC8-CART-SPG","false","03-Nov-25 18:00",
"CART_00trqt4x_S","SBH5fhBfPX_001_v","PACKAGE","5 mins","","YHM5-DLC8-CART-SPG","false","03-Nov-25 18:00",
